month,bets,races,hits,hit_rate,mean_odds,stake,return,pnl,roi,bankroll_end
2024-01,122.0,90.0,6.0,0.0492,43.07,122000.0,151300.0,29300.0,1.2402,329300.0
2024-02,114.0,88.0,8.0,0.0702,38.33,114000.0,110000.0,-4000.0,0.9649,325300.0
2024-03,141.0,112.0,2.0,0.0142,37.22,141000.0,51100.0,-89900.0,0.3624,235400.0
2024-04,77.0,62.0,3.0,0.039,37.86,77000.0,67900.0,-9100.0,0.8818,226300.0
2024-05,80.0,64.0,3.0,0.0375,31.5,80000.0,45000.0,-35000.0,0.5625,191300.0
2024-06,90.0,71.0,6.0,0.0667,28.34,90000.0,102400.0,12400.0,1.1378,203700.0
2024-07,55.0,47.0,3.0,0.0545,31.67,55000.0,41500.0,-13500.0,0.7545,190200.0
2024-08,66.0,57.0,5.0,0.0758,37.95,66000.0,66500.0,500.0,1.0076,190700.0
2024-09,74.0,56.0,8.0,0.1081,32.62,74000.0,211700.0,137700.0,2.8608,328400.0
2024-10,90.0,73.0,5.0,0.0556,41.33,90000.0,67300.0,-22700.0,0.7478,305700.0
2024-11,89.0,77.0,4.0,0.0449,36.08,89000.0,114800.0,25800.0,1.2899,331500.0
2024-12,82.0,68.0,3.0,0.0366,36.84,82000.0,130100.0,48100.0,1.5866,379600.0
2025-01,74.0,59.0,3.0,0.0405,34.86,74000.0,71600.0,-2400.0,0.9676,377200.0
2025-02,67.0,54.0,4.0,0.0597,37.86,67000.0,140700.0,73700.0,2.1,450900.0
2025-03,70.0,62.0,3.0,0.0429,36.45,70000.0,68300.0,-1700.0,0.9757,449200.0
2025-04,90.0,74.0,3.0,0.0333,47.38,90000.0,49300.0,-40700.0,0.5478,408500.0
2025-05,91.0,71.0,4.0,0.044,45.78,91000.0,57200.0,-33800.0,0.6286,374700.0
2025-06,90.0,71.0,5.0,0.0556,46.57,90000.0,125600.0,35600.0,1.3956,410300.0
2025-07,68.0,53.0,1.0,0.0147,45.22,68000.0,52100.0,-15900.0,0.7662,394400.0
2025-08,119.0,92.0,4.0,0.0336,51.63,119000.0,112900.0,-6100.0,0.9487,388300.0
2025-09,112.0,77.0,8.0,0.0714,49.89,112000.0,260600.0,148600.0,2.3268,536900.0
2025-10,108.0,77.0,5.0,0.0463,45.91,108000.0,117600.0,9600.0,1.0889,546500.0
2025-11,135.0,101.0,8.0,0.0593,54.52,135000.0,331400.0,196400.0,2.4548,742900.0
2025-12,86.0,67.0,4.0,0.0465,45.81,86000.0,202300.0,116300.0,2.3523,859200.0
2026-01,115.0,82.0,6.0,0.0522,49.26,115000.0,140000.0,25000.0,1.2174,884200.0
2026-02,145.0,97.0,5.0,0.0345,34.92,145000.0,160500.0,15500.0,1.1069,899700.0
2026-03,126.0,90.0,3.0,0.0238,44.97,126000.0,137700.0,11700.0,1.0929,911400.0
2026-04,99.0,76.0,10.0,0.101,35.68,99000.0,349800.0,250800.0,3.5333,1162200.0
2026-05,123.0,94.0,6.0,0.0488,36.12,123000.0,176700.0,53700.0,1.4366,1215900.0
2026-06,89.0,65.0,6.0,0.0674,29.63,89000.0,169100.0,80100.0,1.9,1296000.0
2026-07,123.0,91.0,8.0,0.065,30.41,123000.0,176100.0,53100.0,1.4317,1349100.0
