race_id,data_kubun,made_date,keibajo_code,race_num,happyo_datetime,toroku_tosu,syusso_tosu,hatsubai_flag,hyosu_total,kumiban,odds_wakuren,ninkijun,rt_key,acquired_at,venue_code,race_number,post_datetime,snapshot_label,target_datetime,source_age_seconds,odds_dataspec
202609040702,1,2026-09-21,9,2,2026-09-21 10:04:00,10,0,7,22183,12,48.3,14.0,202609210902,2026-09-21T10:05:02,9,2,2026-09-21T10:35:00,30m,2026-09-21T10:05:00,60.0,0B31
202609040702,1,2026-09-21,9,2,2026-09-21 10:04:00,10,0,7,22183,13,12.9,8.0,202609210902,2026-09-21T10:05:02,9,2,2026-09-21T10:35:00,30m,2026-09-21T10:05:00,60.0,0B31
202609040702,1,2026-09-21,9,2,2026-09-21 10:04:00,10,0,7,22183,14,96.4,23.0,202609210902,2026-09-21T10:05:02,9,2,2026-09-21T10:35:00,30m,2026-09-21T10:05:00,60.0,0B31
202609040702,1,2026-09-21,9,2,2026-09-21 10:04:00,10,0,7,22183,15,10.5,6.0,202609210902,2026-09-21T10:05:02,9,2,2026-09-21T10:35:00,30m,2026-09-21T10:05:00,60.0,0B31
202609040702,1,2026-09-21,9,2,2026-09-21 10:04:00,10,0,7,22183,16,106.9,24.0,202609210902,2026-09-21T10:05:02,9,2,2026-09-21T10:35:00,30m,2026-09-21T10:05:00,60.0,0B31
202609040702,1,2026-09-21,9,2,2026-09-21 10:04:00,10,0,7,22183,17,9.5,4.0,202609210902,2026-09-21T10:05:02,9,2,2026-09-21T10:35:00,30m,2026-09-21T10:05:00,60.0,0B31
202609040702,1,2026-09-21,9,2,2026-09-21 10:04:00,10,0,7,22183,18,13.8,9.0,202609210902,2026-09-21T10:05:02,9,2,2026-09-21T10:35:00,30m,2026-09-21T10:05:00,60.0,0B31
202609040702,1,2026-09-21,9,2,2026-09-21 10:04:00,10,0,7,22183,23,60.1,16.0,202609210902,2026-09-21T10:05:02,9,2,2026-09-21T10:35:00,30m,2026-09-21T10:05:00,60.0,0B31
202609040702,1,2026-09-21,9,2,2026-09-21 10:04:00,10,0,7,22183,24,203.9,30.0,202609210902,2026-09-21T10:05:02,9,2,2026-09-21T10:35:00,30m,2026-09-21T10:05:00,60.0,0B31
202609040702,1,2026-09-21,9,2,2026-09-21 10:04:00,10,0,7,22183,25,46.5,13.0,202609210902,2026-09-21T10:05:02,9,2,2026-09-21T10:35:00,30m,2026-09-21T10:05:00,60.0,0B31
202609040702,1,2026-09-21,9,2,2026-09-21 10:04:00,10,0,7,22183,26,164.3,29.0,202609210902,2026-09-21T10:05:02,9,2,2026-09-21T10:35:00,30m,2026-09-21T10:05:00,60.0,0B31
202609040702,1,2026-09-21,9,2,2026-09-21 10:04:00,10,0,7,22183,27,44.9,12.0,202609210902,2026-09-21T10:05:02,9,2,2026-09-21T10:35:00,30m,2026-09-21T10:05:00,60.0,0B31
202609040702,1,2026-09-21,9,2,2026-09-21 10:04:00,10,0,7,22183,28,57.8,15.0,202609210902,2026-09-21T10:05:02,9,2,2026-09-21T10:35:00,30m,2026-09-21T10:05:00,60.0,0B31
202609040702,1,2026-09-21,9,2,2026-09-21 10:04:00,10,0,7,22183,34,136.5,27.0,202609210902,2026-09-21T10:05:02,9,2,2026-09-21T10:35:00,30m,2026-09-21T10:05:00,60.0,0B31
202609040702,1,2026-09-21,9,2,2026-09-21 10:04:00,10,0,7,22183,35,10.4,5.0,202609210902,2026-09-21T10:05:02,9,2,2026-09-21T10:35:00,30m,2026-09-21T10:05:00,60.0,0B31
202609040702,1,2026-09-21,9,2,2026-09-21 10:04:00,10,0,7,22183,36,79.2,21.0,202609210902,2026-09-21T10:05:02,9,2,2026-09-21T10:35:00,30m,2026-09-21T10:05:00,60.0,0B31
202609040702,1,2026-09-21,9,2,2026-09-21 10:04:00,10,0,7,22183,37,11.0,7.0,202609210902,2026-09-21T10:05:02,9,2,2026-09-21T10:35:00,30m,2026-09-21T10:05:00,60.0,0B31
202609040702,1,2026-09-21,9,2,2026-09-21 10:04:00,10,0,7,22183,38,17.5,10.0,202609210902,2026-09-21T10:05:02,9,2,2026-09-21T10:35:00,30m,2026-09-21T10:05:00,60.0,0B31
202609040702,1,2026-09-21,9,2,2026-09-21 10:04:00,10,0,7,22183,45,121.5,25.0,202609210902,2026-09-21T10:05:02,9,2,2026-09-21T10:35:00,30m,2026-09-21T10:05:00,60.0,0B31
202609040702,1,2026-09-21,9,2,2026-09-21 10:04:00,10,0,7,22183,46,154.3,28.0,202609210902,2026-09-21T10:05:02,9,2,2026-09-21T10:35:00,30m,2026-09-21T10:05:00,60.0,0B31
202609040702,1,2026-09-21,9,2,2026-09-21 10:04:00,10,0,7,22183,47,70.4,19.0,202609210902,2026-09-21T10:05:02,9,2,2026-09-21T10:35:00,30m,2026-09-21T10:05:00,60.0,0B31
202609040702,1,2026-09-21,9,2,2026-09-21 10:04:00,10,0,7,22183,48,123.2,26.0,202609210902,2026-09-21T10:05:02,9,2,2026-09-21T10:35:00,30m,2026-09-21T10:05:00,60.0,0B31
202609040702,1,2026-09-21,9,2,2026-09-21 10:04:00,10,0,7,22183,56,67.2,18.0,202609210902,2026-09-21T10:05:02,9,2,2026-09-21T10:35:00,30m,2026-09-21T10:05:00,60.0,0B31
202609040702,1,2026-09-21,9,2,2026-09-21 10:04:00,10,0,7,22183,57,7.3,1.0,202609210902,2026-09-21T10:05:02,9,2,2026-09-21T10:35:00,30m,2026-09-21T10:05:00,60.0,0B31
202609040702,1,2026-09-21,9,2,2026-09-21 10:04:00,10,0,7,22183,58,7.3,1.0,202609210902,2026-09-21T10:05:02,9,2,2026-09-21T10:35:00,30m,2026-09-21T10:05:00,60.0,0B31
202609040702,1,2026-09-21,9,2,2026-09-21 10:04:00,10,0,7,22183,67,71.2,20.0,202609210902,2026-09-21T10:05:02,9,2,2026-09-21T10:35:00,30m,2026-09-21T10:05:00,60.0,0B31
202609040702,1,2026-09-21,9,2,2026-09-21 10:04:00,10,0,7,22183,68,61.8,17.0,202609210902,2026-09-21T10:05:02,9,2,2026-09-21T10:35:00,30m,2026-09-21T10:05:00,60.0,0B31
202609040702,1,2026-09-21,9,2,2026-09-21 10:04:00,10,0,7,22183,77,35.4,11.0,202609210902,2026-09-21T10:05:02,9,2,2026-09-21T10:35:00,30m,2026-09-21T10:05:00,60.0,0B31
202609040702,1,2026-09-21,9,2,2026-09-21 10:04:00,10,0,7,22183,78,8.6,3.0,202609210902,2026-09-21T10:05:02,9,2,2026-09-21T10:35:00,30m,2026-09-21T10:05:00,60.0,0B31
202609040702,1,2026-09-21,9,2,2026-09-21 10:04:00,10,0,7,22183,88,88.7,22.0,202609210902,2026-09-21T10:05:02,9,2,2026-09-21T10:35:00,30m,2026-09-21T10:05:00,60.0,0B31
202609040703,1,2026-09-21,9,3,2026-09-21 10:34:00,13,0,7,26682,12,119.2,30.0,202609210903,2026-09-21T10:35:02,9,3,2026-09-21T11:05:00,30m,2026-09-21T10:35:00,60.0,0B31
202609040703,1,2026-09-21,9,3,2026-09-21 10:34:00,13,0,7,26682,13,44.5,18.0,202609210903,2026-09-21T10:35:02,9,3,2026-09-21T11:05:00,30m,2026-09-21T10:35:00,60.0,0B31
202609040703,1,2026-09-21,9,3,2026-09-21 10:34:00,13,0,7,26682,14,28.2,12.0,202609210903,2026-09-21T10:35:02,9,3,2026-09-21T11:05:00,30m,2026-09-21T10:35:00,60.0,0B31
202609040703,1,2026-09-21,9,3,2026-09-21 10:34:00,13,0,7,26682,15,41.5,16.0,202609210903,2026-09-21T10:35:02,9,3,2026-09-21T11:05:00,30m,2026-09-21T10:35:00,60.0,0B31
202609040703,1,2026-09-21,9,3,2026-09-21 10:34:00,13,0,7,26682,16,20.2,8.0,202609210903,2026-09-21T10:35:02,9,3,2026-09-21T11:05:00,30m,2026-09-21T10:35:00,60.0,0B31
202609040703,1,2026-09-21,9,3,2026-09-21 10:34:00,13,0,7,26682,17,78.4,24.0,202609210903,2026-09-21T10:35:02,9,3,2026-09-21T11:05:00,30m,2026-09-21T10:35:00,60.0,0B31
202609040703,1,2026-09-21,9,3,2026-09-21 10:34:00,13,0,7,26682,18,49.8,19.0,202609210903,2026-09-21T10:35:02,9,3,2026-09-21T11:05:00,30m,2026-09-21T10:35:00,60.0,0B31
202609040703,1,2026-09-21,9,3,2026-09-21 10:34:00,13,0,7,26682,23,135.9,31.0,202609210903,2026-09-21T10:35:02,9,3,2026-09-21T11:05:00,30m,2026-09-21T10:35:00,60.0,0B31
202609040703,1,2026-09-21,9,3,2026-09-21 10:34:00,13,0,7,26682,24,105.6,29.0,202609210903,2026-09-21T10:35:02,9,3,2026-09-21T11:05:00,30m,2026-09-21T10:35:00,60.0,0B31
202609040703,1,2026-09-21,9,3,2026-09-21 10:34:00,13,0,7,26682,25,91.6,26.0,202609210903,2026-09-21T10:35:02,9,3,2026-09-21T11:05:00,30m,2026-09-21T10:35:00,60.0,0B31
202609040703,1,2026-09-21,9,3,2026-09-21 10:34:00,13,0,7,26682,26,56.4,22.0,202609210903,2026-09-21T10:35:02,9,3,2026-09-21T11:05:00,30m,2026-09-21T10:35:00,60.0,0B31
202609040703,1,2026-09-21,9,3,2026-09-21 10:34:00,13,0,7,26682,27,98.3,28.0,202609210903,2026-09-21T10:35:02,9,3,2026-09-21T11:05:00,30m,2026-09-21T10:35:00,60.0,0B31
202609040703,1,2026-09-21,9,3,2026-09-21 10:34:00,13,0,7,26682,28,82.4,25.0,202609210903,2026-09-21T10:35:02,9,3,2026-09-21T11:05:00,30m,2026-09-21T10:35:00,60.0,0B31
202609040703,1,2026-09-21,9,3,2026-09-21 10:34:00,13,0,7,26682,34,17.4,7.0,202609210903,2026-09-21T10:35:02,9,3,2026-09-21T11:05:00,30m,2026-09-21T10:35:00,60.0,0B31
202609040703,1,2026-09-21,9,3,2026-09-21 10:34:00,13,0,7,26682,35,21.0,9.0,202609210903,2026-09-21T10:35:02,9,3,2026-09-21T11:05:00,30m,2026-09-21T10:35:00,60.0,0B31
202609040703,1,2026-09-21,9,3,2026-09-21 10:34:00,13,0,7,26682,36,9.6,4.0,202609210903,2026-09-21T10:35:02,9,3,2026-09-21T11:05:00,30m,2026-09-21T10:35:00,60.0,0B31
202609040703,1,2026-09-21,9,3,2026-09-21 10:34:00,13,0,7,26682,37,63.1,23.0,202609210903,2026-09-21T10:35:02,9,3,2026-09-21T11:05:00,30m,2026-09-21T10:35:00,60.0,0B31
202609040703,1,2026-09-21,9,3,2026-09-21 10:34:00,13,0,7,26682,38,29.0,13.0,202609210903,2026-09-21T10:35:02,9,3,2026-09-21T11:05:00,30m,2026-09-21T10:35:00,60.0,0B31
202609040703,1,2026-09-21,9,3,2026-09-21 10:34:00,13,0,7,26682,44,53.6,21.0,202609210903,2026-09-21T10:35:02,9,3,2026-09-21T11:05:00,30m,2026-09-21T10:35:00,60.0,0B31
202609040703,1,2026-09-21,9,3,2026-09-21 10:34:00,13,0,7,26682,45,13.7,5.0,202609210903,2026-09-21T10:35:02,9,3,2026-09-21T11:05:00,30m,2026-09-21T10:35:00,60.0,0B31
202609040703,1,2026-09-21,9,3,2026-09-21 10:34:00,13,0,7,26682,46,5.8,1.0,202609210903,2026-09-21T10:35:02,9,3,2026-09-21T11:05:00,30m,2026-09-21T10:35:00,60.0,0B31
202609040703,1,2026-09-21,9,3,2026-09-21 10:34:00,13,0,7,26682,47,42.6,17.0,202609210903,2026-09-21T10:35:02,9,3,2026-09-21T11:05:00,30m,2026-09-21T10:35:00,60.0,0B31
202609040703,1,2026-09-21,9,3,2026-09-21 10:34:00,13,0,7,26682,48,17.2,6.0,202609210903,2026-09-21T10:35:02,9,3,2026-09-21T11:05:00,30m,2026-09-21T10:35:00,60.0,0B31
202609040703,1,2026-09-21,9,3,2026-09-21 10:34:00,13,0,7,26682,55,195.8,32.0,202609210903,2026-09-21T10:35:02,9,3,2026-09-21T11:05:00,30m,2026-09-21T10:35:00,60.0,0B31
202609040703,1,2026-09-21,9,3,2026-09-21 10:34:00,13,0,7,26682,56,8.1,2.0,202609210903,2026-09-21T10:35:02,9,3,2026-09-21T11:05:00,30m,2026-09-21T10:35:00,60.0,0B31
202609040703,1,2026-09-21,9,3,2026-09-21 10:34:00,13,0,7,26682,57,51.9,20.0,202609210903,2026-09-21T10:35:02,9,3,2026-09-21T11:05:00,30m,2026-09-21T10:35:00,60.0,0B31
202609040703,1,2026-09-21,9,3,2026-09-21 10:34:00,13,0,7,26682,58,24.9,10.0,202609210903,2026-09-21T10:35:02,9,3,2026-09-21T11:05:00,30m,2026-09-21T10:35:00,60.0,0B31
202609040703,1,2026-09-21,9,3,2026-09-21 10:34:00,13,0,7,26682,66,31.0,14.0,202609210903,2026-09-21T10:35:02,9,3,2026-09-21T11:05:00,30m,2026-09-21T10:35:00,60.0,0B31
202609040703,1,2026-09-21,9,3,2026-09-21 10:34:00,13,0,7,26682,67,26.1,11.0,202609210903,2026-09-21T10:35:02,9,3,2026-09-21T11:05:00,30m,2026-09-21T10:35:00,60.0,0B31
202609040703,1,2026-09-21,9,3,2026-09-21 10:34:00,13,0,7,26682,68,9.5,3.0,202609210903,2026-09-21T10:35:02,9,3,2026-09-21T11:05:00,30m,2026-09-21T10:35:00,60.0,0B31
202609040703,1,2026-09-21,9,3,2026-09-21 10:34:00,13,0,7,26682,77,266.8,33.0,202609210903,2026-09-21T10:35:02,9,3,2026-09-21T11:05:00,30m,2026-09-21T10:35:00,60.0,0B31
202609040703,1,2026-09-21,9,3,2026-09-21 10:34:00,13,0,7,26682,78,33.4,15.0,202609210903,2026-09-21T10:35:02,9,3,2026-09-21T11:05:00,30m,2026-09-21T10:35:00,60.0,0B31
202609040703,1,2026-09-21,9,3,2026-09-21 10:34:00,13,0,7,26682,88,93.2,27.0,202609210903,2026-09-21T10:35:02,9,3,2026-09-21T11:05:00,30m,2026-09-21T10:35:00,60.0,0B31
202609040704,1,2026-09-21,9,4,2026-09-21 11:04:00,15,0,7,29550,12,10.6,1.0,202609210904,2026-09-21T11:05:02,9,4,2026-09-21T11:35:00,30m,2026-09-21T11:05:00,60.0,0B31
202609040704,1,2026-09-21,9,4,2026-09-21 11:04:00,15,0,7,29550,13,29.5,12.0,202609210904,2026-09-21T11:05:02,9,4,2026-09-21T11:35:00,30m,2026-09-21T11:05:00,60.0,0B31
202609040704,1,2026-09-21,9,4,2026-09-21 11:04:00,15,0,7,29550,14,31.6,13.0,202609210904,2026-09-21T11:05:02,9,4,2026-09-21T11:35:00,30m,2026-09-21T11:05:00,60.0,0B31
202609040704,1,2026-09-21,9,4,2026-09-21 11:04:00,15,0,7,29550,15,58.3,24.0,202609210904,2026-09-21T11:05:02,9,4,2026-09-21T11:35:00,30m,2026-09-21T11:05:00,60.0,0B31
202609040704,1,2026-09-21,9,4,2026-09-21 11:04:00,15,0,7,29550,16,15.3,9.0,202609210904,2026-09-21T11:05:02,9,4,2026-09-21T11:35:00,30m,2026-09-21T11:05:00,60.0,0B31
202609040704,1,2026-09-21,9,4,2026-09-21 11:04:00,15,0,7,29550,17,15.5,10.0,202609210904,2026-09-21T11:05:02,9,4,2026-09-21T11:35:00,30m,2026-09-21T11:05:00,60.0,0B31
202609040704,1,2026-09-21,9,4,2026-09-21 11:04:00,15,0,7,29550,18,12.8,4.0,202609210904,2026-09-21T11:05:02,9,4,2026-09-21T11:35:00,30m,2026-09-21T11:05:00,60.0,0B31
202609040704,1,2026-09-21,9,4,2026-09-21 11:04:00,15,0,7,29550,22,92.3,31.0,202609210904,2026-09-21T11:05:02,9,4,2026-09-21T11:35:00,30m,2026-09-21T11:05:00,60.0,0B31
202609040704,1,2026-09-21,9,4,2026-09-21 11:04:00,15,0,7,29550,23,32.8,16.0,202609210904,2026-09-21T11:05:02,9,4,2026-09-21T11:35:00,30m,2026-09-21T11:05:00,60.0,0B31
202609040704,1,2026-09-21,9,4,2026-09-21 11:04:00,15,0,7,29550,24,32.0,14.0,202609210904,2026-09-21T11:05:02,9,4,2026-09-21T11:35:00,30m,2026-09-21T11:05:00,60.0,0B31
202609040704,1,2026-09-21,9,4,2026-09-21 11:04:00,15,0,7,29550,25,50.9,22.0,202609210904,2026-09-21T11:05:02,9,4,2026-09-21T11:35:00,30m,2026-09-21T11:05:00,60.0,0B31
202609040704,1,2026-09-21,9,4,2026-09-21 11:04:00,15,0,7,29550,26,12.7,3.0,202609210904,2026-09-21T11:05:02,9,4,2026-09-21T11:35:00,30m,2026-09-21T11:05:00,60.0,0B31
202609040704,1,2026-09-21,9,4,2026-09-21 11:04:00,15,0,7,29550,27,13.2,6.0,202609210904,2026-09-21T11:05:02,9,4,2026-09-21T11:35:00,30m,2026-09-21T11:05:00,60.0,0B31
202609040704,1,2026-09-21,9,4,2026-09-21 11:04:00,15,0,7,29550,28,12.5,2.0,202609210904,2026-09-21T11:05:02,9,4,2026-09-21T11:35:00,30m,2026-09-21T11:05:00,60.0,0B31
202609040704,1,2026-09-21,9,4,2026-09-21 11:04:00,15,0,7,29550,33,262.6,34.0,202609210904,2026-09-21T11:05:02,9,4,2026-09-21T11:35:00,30m,2026-09-21T11:05:00,60.0,0B31
202609040704,1,2026-09-21,9,4,2026-09-21 11:04:00,15,0,7,29550,34,56.2,23.0,202609210904,2026-09-21T11:05:02,9,4,2026-09-21T11:35:00,30m,2026-09-21T11:05:00,60.0,0B31
202609040704,1,2026-09-21,9,4,2026-09-21 11:04:00,15,0,7,29550,35,64.9,27.0,202609210904,2026-09-21T11:05:02,9,4,2026-09-21T11:35:00,30m,2026-09-21T11:05:00,60.0,0B31
202609040704,1,2026-09-21,9,4,2026-09-21 11:04:00,15,0,7,29550,36,39.7,20.0,202609210904,2026-09-21T11:05:02,9,4,2026-09-21T11:35:00,30m,2026-09-21T11:05:00,60.0,0B31
202609040704,1,2026-09-21,9,4,2026-09-21 11:04:00,15,0,7,29550,37,32.4,15.0,202609210904,2026-09-21T11:05:02,9,4,2026-09-21T11:35:00,30m,2026-09-21T11:05:00,60.0,0B31
202609040704,1,2026-09-21,9,4,2026-09-21 11:04:00,15,0,7,29550,38,33.7,17.0,202609210904,2026-09-21T11:05:02,9,4,2026-09-21T11:35:00,30m,2026-09-21T11:05:00,60.0,0B31
202609040704,1,2026-09-21,9,4,2026-09-21 11:04:00,15,0,7,29550,44,220.9,33.0,202609210904,2026-09-21T11:05:02,9,4,2026-09-21T11:35:00,30m,2026-09-21T11:05:00,60.0,0B31
202609040704,1,2026-09-21,9,4,2026-09-21 11:04:00,15,0,7,29550,45,77.0,30.0,202609210904,2026-09-21T11:05:02,9,4,2026-09-21T11:35:00,30m,2026-09-21T11:05:00,60.0,0B31
202609040704,1,2026-09-21,9,4,2026-09-21 11:04:00,15,0,7,29550,46,35.3,18.0,202609210904,2026-09-21T11:05:02,9,4,2026-09-21T11:35:00,30m,2026-09-21T11:05:00,60.0,0B31
202609040704,1,2026-09-21,9,4,2026-09-21 11:04:00,15,0,7,29550,47,28.4,11.0,202609210904,2026-09-21T11:05:02,9,4,2026-09-21T11:35:00,30m,2026-09-21T11:05:00,60.0,0B31
202609040704,1,2026-09-21,9,4,2026-09-21 11:04:00,15,0,7,29550,48,35.6,19.0,202609210904,2026-09-21T11:05:02,9,4,2026-09-21T11:35:00,30m,2026-09-21T11:05:00,60.0,0B31
202609040704,1,2026-09-21,9,4,2026-09-21 11:04:00,15,0,7,29550,55,400.6,35.0,202609210904,2026-09-21T11:05:02,9,4,2026-09-21T11:35:00,30m,2026-09-21T11:05:00,60.0,0B31
202609040704,1,2026-09-21,9,4,2026-09-21 11:04:00,15,0,7,29550,56,58.9,26.0,202609210904,2026-09-21T11:05:02,9,4,2026-09-21T11:35:00,30m,2026-09-21T11:05:00,60.0,0B31
202609040704,1,2026-09-21,9,4,2026-09-21 11:04:00,15,0,7,29550,57,65.1,28.0,202609210904,2026-09-21T11:05:02,9,4,2026-09-21T11:35:00,30m,2026-09-21T11:05:00,60.0,0B31
202609040704,1,2026-09-21,9,4,2026-09-21 11:04:00,15,0,7,29550,58,49.5,21.0,202609210904,2026-09-21T11:05:02,9,4,2026-09-21T11:35:00,30m,2026-09-21T11:05:00,60.0,0B31
202609040704,1,2026-09-21,9,4,2026-09-21 11:04:00,15,0,7,29550,66,58.3,24.0,202609210904,2026-09-21T11:05:02,9,4,2026-09-21T11:35:00,30m,2026-09-21T11:05:00,60.0,0B31
202609040704,1,2026-09-21,9,4,2026-09-21 11:04:00,15,0,7,29550,67,13.7,7.0,202609210904,2026-09-21T11:05:02,9,4,2026-09-21T11:35:00,30m,2026-09-21T11:05:00,60.0,0B31
202609040704,1,2026-09-21,9,4,2026-09-21 11:04:00,15,0,7,29550,68,15.2,8.0,202609210904,2026-09-21T11:05:02,9,4,2026-09-21T11:35:00,30m,2026-09-21T11:05:00,60.0,0B31
202609040704,1,2026-09-21,9,4,2026-09-21 11:04:00,15,0,7,29550,77,74.8,29.0,202609210904,2026-09-21T11:05:02,9,4,2026-09-21T11:35:00,30m,2026-09-21T11:05:00,60.0,0B31
202609040704,1,2026-09-21,9,4,2026-09-21 11:04:00,15,0,7,29550,78,12.9,5.0,202609210904,2026-09-21T11:05:02,9,4,2026-09-21T11:35:00,30m,2026-09-21T11:05:00,60.0,0B31
202609040704,1,2026-09-21,9,4,2026-09-21 11:04:00,15,0,7,29550,88,113.6,32.0,202609210904,2026-09-21T11:05:02,9,4,2026-09-21T11:35:00,30m,2026-09-21T11:05:00,60.0,0B31
202609040705,1,2026-09-21,9,5,2026-09-21 11:54:00,10,0,7,37792,12,156.6,27.0,202609210905,2026-09-21T11:55:02,9,5,2026-09-21T12:25:00,30m,2026-09-21T11:55:00,60.0,0B31
202609040705,1,2026-09-21,9,5,2026-09-21 11:54:00,10,0,7,37792,13,78.5,20.0,202609210905,2026-09-21T11:55:02,9,5,2026-09-21T12:25:00,30m,2026-09-21T11:55:00,60.0,0B31
202609040705,1,2026-09-21,9,5,2026-09-21 11:54:00,10,0,7,37792,14,143.2,25.0,202609210905,2026-09-21T11:55:02,9,5,2026-09-21T12:25:00,30m,2026-09-21T11:55:00,60.0,0B31
202609040705,1,2026-09-21,9,5,2026-09-21 11:54:00,10,0,7,37792,15,184.3,29.0,202609210905,2026-09-21T11:55:02,9,5,2026-09-21T12:25:00,30m,2026-09-21T11:55:00,60.0,0B31
202609040705,1,2026-09-21,9,5,2026-09-21 11:54:00,10,0,7,37792,16,107.2,22.0,202609210905,2026-09-21T11:55:02,9,5,2026-09-21T12:25:00,30m,2026-09-21T11:55:00,60.0,0B31
202609040705,1,2026-09-21,9,5,2026-09-21 11:54:00,10,0,7,37792,17,75.9,18.0,202609210905,2026-09-21T11:55:02,9,5,2026-09-21T12:25:00,30m,2026-09-21T11:55:00,60.0,0B31
202609040705,1,2026-09-21,9,5,2026-09-21 11:54:00,10,0,7,37792,18,74.4,16.0,202609210905,2026-09-21T11:55:02,9,5,2026-09-21T12:25:00,30m,2026-09-21T11:55:00,60.0,0B31
202609040705,1,2026-09-21,9,5,2026-09-21 11:54:00,10,0,7,37792,23,110.7,23.0,202609210905,2026-09-21T11:55:02,9,5,2026-09-21T12:25:00,30m,2026-09-21T11:55:00,60.0,0B31
202609040705,1,2026-09-21,9,5,2026-09-21 11:54:00,10,0,7,37792,24,198.9,30.0,202609210905,2026-09-21T11:55:02,9,5,2026-09-21T12:25:00,30m,2026-09-21T11:55:00,60.0,0B31
202609040705,1,2026-09-21,9,5,2026-09-21 11:54:00,10,0,7,37792,25,143.9,26.0,202609210905,2026-09-21T11:55:02,9,5,2026-09-21T12:25:00,30m,2026-09-21T11:55:00,60.0,0B31
202609040705,1,2026-09-21,9,5,2026-09-21 11:54:00,10,0,7,37792,26,111.9,24.0,202609210905,2026-09-21T11:55:02,9,5,2026-09-21T12:25:00,30m,2026-09-21T11:55:00,60.0,0B31
202609040705,1,2026-09-21,9,5,2026-09-21 11:54:00,10,0,7,37792,27,105.3,21.0,202609210905,2026-09-21T11:55:02,9,5,2026-09-21T12:25:00,30m,2026-09-21T11:55:00,60.0,0B31
202609040705,1,2026-09-21,9,5,2026-09-21 11:54:00,10,0,7,37792,28,74.2,15.0,202609210905,2026-09-21T11:55:02,9,5,2026-09-21T12:25:00,30m,2026-09-21T11:55:00,60.0,0B31
202609040705,1,2026-09-21,9,5,2026-09-21 11:54:00,10,0,7,37792,34,44.0,12.0,202609210905,2026-09-21T11:55:02,9,5,2026-09-21T12:25:00,30m,2026-09-21T11:55:00,60.0,0B31
202609040705,1,2026-09-21,9,5,2026-09-21 11:54:00,10,0,7,37792,35,76.9,19.0,202609210905,2026-09-21T11:55:02,9,5,2026-09-21T12:25:00,30m,2026-09-21T11:55:00,60.0,0B31
202609040705,1,2026-09-21,9,5,2026-09-21 11:54:00,10,0,7,37792,36,10.0,4.0,202609210905,2026-09-21T11:55:02,9,5,2026-09-21T12:25:00,30m,2026-09-21T11:55:00,60.0,0B31
202609040705,1,2026-09-21,9,5,2026-09-21 11:54:00,10,0,7,37792,37,11.4,6.0,202609210905,2026-09-21T11:55:02,9,5,2026-09-21T12:25:00,30m,2026-09-21T11:55:00,60.0,0B31
202609040705,1,2026-09-21,9,5,2026-09-21 11:54:00,10,0,7,37792,38,10.2,5.0,202609210905,2026-09-21T11:55:02,9,5,2026-09-21T12:25:00,30m,2026-09-21T11:55:00,60.0,0B31
202609040705,1,2026-09-21,9,5,2026-09-21 11:54:00,10,0,7,37792,45,162.5,28.0,202609210905,2026-09-21T11:55:02,9,5,2026-09-21T12:25:00,30m,2026-09-21T11:55:00,60.0,0B31
202609040705,1,2026-09-21,9,5,2026-09-21 11:54:00,10,0,7,37792,46,26.3,8.0,202609210905,2026-09-21T11:55:02,9,5,2026-09-21T12:25:00,30m,2026-09-21T11:55:00,60.0,0B31
202609040705,1,2026-09-21,9,5,2026-09-21 11:54:00,10,0,7,37792,47,26.5,9.0,202609210905,2026-09-21T11:55:02,9,5,2026-09-21T12:25:00,30m,2026-09-21T11:55:00,60.0,0B31
202609040705,1,2026-09-21,9,5,2026-09-21 11:54:00,10,0,7,37792,48,29.8,10.0,202609210905,2026-09-21T11:55:02,9,5,2026-09-21T12:25:00,30m,2026-09-21T11:55:00,60.0,0B31
202609040705,1,2026-09-21,9,5,2026-09-21 11:54:00,10,0,7,37792,56,54.9,14.0,202609210905,2026-09-21T11:55:02,9,5,2026-09-21T12:25:00,30m,2026-09-21T11:55:00,60.0,0B31
202609040705,1,2026-09-21,9,5,2026-09-21 11:54:00,10,0,7,37792,57,75.7,17.0,202609210905,2026-09-21T11:55:02,9,5,2026-09-21T12:25:00,30m,2026-09-21T11:55:00,60.0,0B31
202609040705,1,2026-09-21,9,5,2026-09-21 11:54:00,10,0,7,37792,58,44.0,12.0,202609210905,2026-09-21T11:55:02,9,5,2026-09-21T12:25:00,30m,2026-09-21T11:55:00,60.0,0B31
202609040705,1,2026-09-21,9,5,2026-09-21 11:54:00,10,0,7,37792,67,3.9,1.0,202609210905,2026-09-21T11:55:02,9,5,2026-09-21T12:25:00,30m,2026-09-21T11:55:00,60.0,0B31
202609040705,1,2026-09-21,9,5,2026-09-21 11:54:00,10,0,7,37792,68,6.5,3.0,202609210905,2026-09-21T11:55:02,9,5,2026-09-21T12:25:00,30m,2026-09-21T11:55:00,60.0,0B31
202609040705,1,2026-09-21,9,5,2026-09-21 11:54:00,10,0,7,37792,77,41.5,11.0,202609210905,2026-09-21T11:55:02,9,5,2026-09-21T12:25:00,30m,2026-09-21T11:55:00,60.0,0B31
202609040705,1,2026-09-21,9,5,2026-09-21 11:54:00,10,0,7,37792,78,5.9,2.0,202609210905,2026-09-21T11:55:02,9,5,2026-09-21T12:25:00,30m,2026-09-21T11:55:00,60.0,0B31
202609040705,1,2026-09-21,9,5,2026-09-21 11:54:00,10,0,7,37792,88,24.3,7.0,202609210905,2026-09-21T11:55:02,9,5,2026-09-21T12:25:00,30m,2026-09-21T11:55:00,60.0,0B31
202609040706,1,2026-09-21,9,6,2026-09-21 12:24:00,15,0,7,44644,12,116.7,31.0,202609210906,2026-09-21T12:25:02,9,6,2026-09-21T12:55:00,30m,2026-09-21T12:25:00,60.0,0B31
202609040706,1,2026-09-21,9,6,2026-09-21 12:24:00,15,0,7,44644,13,84.8,26.0,202609210906,2026-09-21T12:25:02,9,6,2026-09-21T12:55:00,30m,2026-09-21T12:25:00,60.0,0B31
202609040706,1,2026-09-21,9,6,2026-09-21 12:24:00,15,0,7,44644,14,116.7,31.0,202609210906,2026-09-21T12:25:02,9,6,2026-09-21T12:55:00,30m,2026-09-21T12:25:00,60.0,0B31
202609040706,1,2026-09-21,9,6,2026-09-21 12:24:00,15,0,7,44644,15,145.1,33.0,202609210906,2026-09-21T12:25:02,9,6,2026-09-21T12:55:00,30m,2026-09-21T12:25:00,60.0,0B31
202609040706,1,2026-09-21,9,6,2026-09-21 12:24:00,15,0,7,44644,16,67.6,22.0,202609210906,2026-09-21T12:25:02,9,6,2026-09-21T12:55:00,30m,2026-09-21T12:25:00,60.0,0B31
202609040706,1,2026-09-21,9,6,2026-09-21 12:24:00,15,0,7,44644,17,104.1,29.0,202609210906,2026-09-21T12:25:02,9,6,2026-09-21T12:55:00,30m,2026-09-21T12:25:00,60.0,0B31
202609040706,1,2026-09-21,9,6,2026-09-21 12:24:00,15,0,7,44644,18,97.0,28.0,202609210906,2026-09-21T12:25:02,9,6,2026-09-21T12:55:00,30m,2026-09-21T12:25:00,60.0,0B31
202609040706,1,2026-09-21,9,6,2026-09-21 12:24:00,15,0,7,44644,22,310.5,35.0,202609210906,2026-09-21T12:25:02,9,6,2026-09-21T12:55:00,30m,2026-09-21T12:25:00,60.0,0B31
202609040706,1,2026-09-21,9,6,2026-09-21 12:24:00,15,0,7,44644,23,62.1,21.0,202609210906,2026-09-21T12:25:02,9,6,2026-09-21T12:55:00,30m,2026-09-21T12:25:00,60.0,0B31
202609040706,1,2026-09-21,9,6,2026-09-21 12:24:00,15,0,7,44644,24,61.1,20.0,202609210906,2026-09-21T12:25:02,9,6,2026-09-21T12:55:00,30m,2026-09-21T12:25:00,60.0,0B31
202609040706,1,2026-09-21,9,6,2026-09-21 12:24:00,15,0,7,44644,25,71.4,24.0,202609210906,2026-09-21T12:25:02,9,6,2026-09-21T12:55:00,30m,2026-09-21T12:25:00,60.0,0B31
202609040706,1,2026-09-21,9,6,2026-09-21 12:24:00,15,0,7,44644,26,38.2,17.0,202609210906,2026-09-21T12:25:02,9,6,2026-09-21T12:55:00,30m,2026-09-21T12:25:00,60.0,0B31
202609040706,1,2026-09-21,9,6,2026-09-21 12:24:00,15,0,7,44644,27,70.3,23.0,202609210906,2026-09-21T12:25:02,9,6,2026-09-21T12:55:00,30m,2026-09-21T12:25:00,60.0,0B31
202609040706,1,2026-09-21,9,6,2026-09-21 12:24:00,15,0,7,44644,28,52.5,19.0,202609210906,2026-09-21T12:25:02,9,6,2026-09-21T12:55:00,30m,2026-09-21T12:25:00,60.0,0B31
202609040706,1,2026-09-21,9,6,2026-09-21 12:24:00,15,0,7,44644,33,78.1,25.0,202609210906,2026-09-21T12:25:02,9,6,2026-09-21T12:55:00,30m,2026-09-21T12:25:00,60.0,0B31
202609040706,1,2026-09-21,9,6,2026-09-21 12:24:00,15,0,7,44644,34,19.3,7.0,202609210906,2026-09-21T12:25:02,9,6,2026-09-21T12:55:00,30m,2026-09-21T12:25:00,60.0,0B31
202609040706,1,2026-09-21,9,6,2026-09-21 12:24:00,15,0,7,44644,35,24.4,11.0,202609210906,2026-09-21T12:25:02,9,6,2026-09-21T12:55:00,30m,2026-09-21T12:25:00,60.0,0B31
202609040706,1,2026-09-21,9,6,2026-09-21 12:24:00,15,0,7,44644,36,7.7,1.0,202609210906,2026-09-21T12:25:02,9,6,2026-09-21T12:55:00,30m,2026-09-21T12:25:00,60.0,0B31
202609040706,1,2026-09-21,9,6,2026-09-21 12:24:00,15,0,7,44644,37,21.3,10.0,202609210906,2026-09-21T12:25:02,9,6,2026-09-21T12:55:00,30m,2026-09-21T12:25:00,60.0,0B31
202609040706,1,2026-09-21,9,6,2026-09-21 12:24:00,15,0,7,44644,38,19.6,8.0,202609210906,2026-09-21T12:25:02,9,6,2026-09-21T12:55:00,30m,2026-09-21T12:25:00,60.0,0B31
202609040706,1,2026-09-21,9,6,2026-09-21 12:24:00,15,0,7,44644,44,110.2,30.0,202609210906,2026-09-21T12:25:02,9,6,2026-09-21T12:55:00,30m,2026-09-21T12:25:00,60.0,0B31
202609040706,1,2026-09-21,9,6,2026-09-21 12:24:00,15,0,7,44644,45,29.7,15.0,202609210906,2026-09-21T12:25:02,9,6,2026-09-21T12:55:00,30m,2026-09-21T12:25:00,60.0,0B31
202609040706,1,2026-09-21,9,6,2026-09-21 12:24:00,15,0,7,44644,46,10.2,4.0,202609210906,2026-09-21T12:25:02,9,6,2026-09-21T12:55:00,30m,2026-09-21T12:25:00,60.0,0B31
202609040706,1,2026-09-21,9,6,2026-09-21 12:24:00,15,0,7,44644,47,26.6,13.0,202609210906,2026-09-21T12:25:02,9,6,2026-09-21T12:55:00,30m,2026-09-21T12:25:00,60.0,0B31
202609040706,1,2026-09-21,9,6,2026-09-21 12:24:00,15,0,7,44644,48,24.8,12.0,202609210906,2026-09-21T12:25:02,9,6,2026-09-21T12:55:00,30m,2026-09-21T12:25:00,60.0,0B31
202609040706,1,2026-09-21,9,6,2026-09-21 12:24:00,15,0,7,44644,55,244.6,34.0,202609210906,2026-09-21T12:25:02,9,6,2026-09-21T12:55:00,30m,2026-09-21T12:25:00,60.0,0B31
202609040706,1,2026-09-21,9,6,2026-09-21 12:24:00,15,0,7,44644,56,11.1,5.0,202609210906,2026-09-21T12:25:02,9,6,2026-09-21T12:55:00,30m,2026-09-21T12:25:00,60.0,0B31
202609040706,1,2026-09-21,9,6,2026-09-21 12:24:00,15,0,7,44644,57,30.2,16.0,202609210906,2026-09-21T12:25:02,9,6,2026-09-21T12:55:00,30m,2026-09-21T12:25:00,60.0,0B31
202609040706,1,2026-09-21,9,6,2026-09-21 12:24:00,15,0,7,44644,58,27.0,14.0,202609210906,2026-09-21T12:25:02,9,6,2026-09-21T12:55:00,30m,2026-09-21T12:25:00,60.0,0B31
202609040706,1,2026-09-21,9,6,2026-09-21 12:24:00,15,0,7,44644,66,20.4,9.0,202609210906,2026-09-21T12:25:02,9,6,2026-09-21T12:55:00,30m,2026-09-21T12:25:00,60.0,0B31
202609040706,1,2026-09-21,9,6,2026-09-21 12:24:00,15,0,7,44644,67,9.9,3.0,202609210906,2026-09-21T12:25:02,9,6,2026-09-21T12:55:00,30m,2026-09-21T12:25:00,60.0,0B31
202609040706,1,2026-09-21,9,6,2026-09-21 12:24:00,15,0,7,44644,68,8.6,2.0,202609210906,2026-09-21T12:25:02,9,6,2026-09-21T12:55:00,30m,2026-09-21T12:25:00,60.0,0B31
202609040706,1,2026-09-21,9,6,2026-09-21 12:24:00,15,0,7,44644,77,87.9,27.0,202609210906,2026-09-21T12:25:02,9,6,2026-09-21T12:55:00,30m,2026-09-21T12:25:00,60.0,0B31
202609040706,1,2026-09-21,9,6,2026-09-21 12:24:00,15,0,7,44644,78,16.6,6.0,202609210906,2026-09-21T12:25:02,9,6,2026-09-21T12:55:00,30m,2026-09-21T12:25:00,60.0,0B31
202609040706,1,2026-09-21,9,6,2026-09-21 12:24:00,15,0,7,44644,88,49.7,18.0,202609210906,2026-09-21T12:25:02,9,6,2026-09-21T12:55:00,30m,2026-09-21T12:25:00,60.0,0B31
202609040707,1,2026-09-21,9,7,2026-09-21 12:54:00,18,0,7,56138,11,78.1,23.0,202609210907,2026-09-21T12:55:02,9,7,2026-09-21T13:25:00,30m,2026-09-21T12:55:00,60.0,0B31
202609040707,1,2026-09-21,9,7,2026-09-21 12:54:00,18,0,7,56138,12,19.3,9.0,202609210907,2026-09-21T12:55:02,9,7,2026-09-21T13:25:00,30m,2026-09-21T12:55:00,60.0,0B31
202609040707,1,2026-09-21,9,7,2026-09-21 12:54:00,18,0,7,56138,13,10.9,4.0,202609210907,2026-09-21T12:55:02,9,7,2026-09-21T13:25:00,30m,2026-09-21T12:55:00,60.0,0B31
202609040707,1,2026-09-21,9,7,2026-09-21 12:54:00,18,0,7,56138,14,86.8,25.0,202609210907,2026-09-21T12:55:02,9,7,2026-09-21T13:25:00,30m,2026-09-21T12:55:00,60.0,0B31
202609040707,1,2026-09-21,9,7,2026-09-21 12:54:00,18,0,7,56138,15,21.1,10.0,202609210907,2026-09-21T12:55:02,9,7,2026-09-21T13:25:00,30m,2026-09-21T12:55:00,60.0,0B31
202609040707,1,2026-09-21,9,7,2026-09-21 12:54:00,18,0,7,56138,16,7.1,1.0,202609210907,2026-09-21T12:55:02,9,7,2026-09-21T13:25:00,30m,2026-09-21T12:55:00,60.0,0B31
202609040707,1,2026-09-21,9,7,2026-09-21 12:54:00,18,0,7,56138,17,67.6,22.0,202609210907,2026-09-21T12:55:02,9,7,2026-09-21T13:25:00,30m,2026-09-21T12:55:00,60.0,0B31
202609040707,1,2026-09-21,9,7,2026-09-21 12:54:00,18,0,7,56138,18,12.1,5.0,202609210907,2026-09-21T12:55:02,9,7,2026-09-21T13:25:00,30m,2026-09-21T12:55:00,60.0,0B31
202609040707,1,2026-09-21,9,7,2026-09-21 12:54:00,18,0,7,56138,22,162.7,33.0,202609210907,2026-09-21T12:55:02,9,7,2026-09-21T13:25:00,30m,2026-09-21T12:55:00,60.0,0B31
202609040707,1,2026-09-21,9,7,2026-09-21 12:54:00,18,0,7,56138,23,28.0,13.0,202609210907,2026-09-21T12:55:02,9,7,2026-09-21T13:25:00,30m,2026-09-21T12:55:00,60.0,0B31
202609040707,1,2026-09-21,9,7,2026-09-21 12:54:00,18,0,7,56138,24,153.2,32.0,202609210907,2026-09-21T12:55:02,9,7,2026-09-21T13:25:00,30m,2026-09-21T12:55:00,60.0,0B31
202609040707,1,2026-09-21,9,7,2026-09-21 12:54:00,18,0,7,56138,25,46.8,17.0,202609210907,2026-09-21T12:55:02,9,7,2026-09-21T13:25:00,30m,2026-09-21T12:55:00,60.0,0B31
202609040707,1,2026-09-21,9,7,2026-09-21 12:54:00,18,0,7,56138,26,17.3,7.0,202609210907,2026-09-21T12:55:02,9,7,2026-09-21T13:25:00,30m,2026-09-21T12:55:00,60.0,0B31
202609040707,1,2026-09-21,9,7,2026-09-21 12:54:00,18,0,7,56138,27,108.7,29.0,202609210907,2026-09-21T12:55:02,9,7,2026-09-21T13:25:00,30m,2026-09-21T12:55:00,60.0,0B31
202609040707,1,2026-09-21,9,7,2026-09-21 12:54:00,18,0,7,56138,28,27.5,12.0,202609210907,2026-09-21T12:55:02,9,7,2026-09-21T13:25:00,30m,2026-09-21T12:55:00,60.0,0B31
202609040707,1,2026-09-21,9,7,2026-09-21 12:54:00,18,0,7,56138,33,56.3,20.0,202609210907,2026-09-21T12:55:02,9,7,2026-09-21T13:25:00,30m,2026-09-21T12:55:00,60.0,0B31
202609040707,1,2026-09-21,9,7,2026-09-21 12:54:00,18,0,7,56138,34,103.9,28.0,202609210907,2026-09-21T12:55:02,9,7,2026-09-21T13:25:00,30m,2026-09-21T12:55:00,60.0,0B31
202609040707,1,2026-09-21,9,7,2026-09-21 12:54:00,18,0,7,56138,35,28.9,15.0,202609210907,2026-09-21T12:55:02,9,7,2026-09-21T13:25:00,30m,2026-09-21T12:55:00,60.0,0B31
202609040707,1,2026-09-21,9,7,2026-09-21 12:54:00,18,0,7,56138,36,8.4,2.0,202609210907,2026-09-21T12:55:02,9,7,2026-09-21T13:25:00,30m,2026-09-21T12:55:00,60.0,0B31
202609040707,1,2026-09-21,9,7,2026-09-21 12:54:00,18,0,7,56138,37,78.6,24.0,202609210907,2026-09-21T12:55:02,9,7,2026-09-21T13:25:00,30m,2026-09-21T12:55:00,60.0,0B31
202609040707,1,2026-09-21,9,7,2026-09-21 12:54:00,18,0,7,56138,38,14.6,6.0,202609210907,2026-09-21T12:55:02,9,7,2026-09-21T13:25:00,30m,2026-09-21T12:55:00,60.0,0B31
202609040707,1,2026-09-21,9,7,2026-09-21 12:54:00,18,0,7,56138,44,680.4,36.0,202609210907,2026-09-21T12:55:02,9,7,2026-09-21T13:25:00,30m,2026-09-21T12:55:00,60.0,0B31
202609040707,1,2026-09-21,9,7,2026-09-21 12:54:00,18,0,7,56138,45,152.2,31.0,202609210907,2026-09-21T12:55:02,9,7,2026-09-21T13:25:00,30m,2026-09-21T12:55:00,60.0,0B31
202609040707,1,2026-09-21,9,7,2026-09-21 12:54:00,18,0,7,56138,46,61.9,21.0,202609210907,2026-09-21T12:55:02,9,7,2026-09-21T13:25:00,30m,2026-09-21T12:55:00,60.0,0B31
202609040707,1,2026-09-21,9,7,2026-09-21 12:54:00,18,0,7,56138,47,128.3,30.0,202609210907,2026-09-21T12:55:02,9,7,2026-09-21T13:25:00,30m,2026-09-21T12:55:00,60.0,0B31
202609040707,1,2026-09-21,9,7,2026-09-21 12:54:00,18,0,7,56138,48,102.3,27.0,202609210907,2026-09-21T12:55:02,9,7,2026-09-21T13:25:00,30m,2026-09-21T12:55:00,60.0,0B31
202609040707,1,2026-09-21,9,7,2026-09-21 12:54:00,18,0,7,56138,55,275.5,34.0,202609210907,2026-09-21T12:55:02,9,7,2026-09-21T13:25:00,30m,2026-09-21T12:55:00,60.0,0B31
202609040707,1,2026-09-21,9,7,2026-09-21 12:54:00,18,0,7,56138,56,17.3,7.0,202609210907,2026-09-21T12:55:02,9,7,2026-09-21T13:25:00,30m,2026-09-21T12:55:00,60.0,0B31
202609040707,1,2026-09-21,9,7,2026-09-21 12:54:00,18,0,7,56138,57,92.7,26.0,202609210907,2026-09-21T12:55:02,9,7,2026-09-21T13:25:00,30m,2026-09-21T12:55:00,60.0,0B31
202609040707,1,2026-09-21,9,7,2026-09-21 12:54:00,18,0,7,56138,58,26.9,11.0,202609210907,2026-09-21T12:55:02,9,7,2026-09-21T13:25:00,30m,2026-09-21T12:55:00,60.0,0B31
202609040707,1,2026-09-21,9,7,2026-09-21 12:54:00,18,0,7,56138,66,28.1,14.0,202609210907,2026-09-21T12:55:02,9,7,2026-09-21T13:25:00,30m,2026-09-21T12:55:00,60.0,0B31
202609040707,1,2026-09-21,9,7,2026-09-21 12:54:00,18,0,7,56138,67,44.9,16.0,202609210907,2026-09-21T12:55:02,9,7,2026-09-21T13:25:00,30m,2026-09-21T12:55:00,60.0,0B31
202609040707,1,2026-09-21,9,7,2026-09-21 12:54:00,18,0,7,56138,68,8.9,3.0,202609210907,2026-09-21T12:55:02,9,7,2026-09-21T13:25:00,30m,2026-09-21T12:55:00,60.0,0B31
202609040707,1,2026-09-21,9,7,2026-09-21 12:54:00,18,0,7,56138,77,297.4,35.0,202609210907,2026-09-21T12:55:02,9,7,2026-09-21T13:25:00,30m,2026-09-21T12:55:00,60.0,0B31
202609040707,1,2026-09-21,9,7,2026-09-21 12:54:00,18,0,7,56138,78,47.0,18.0,202609210907,2026-09-21T12:55:02,9,7,2026-09-21T13:25:00,30m,2026-09-21T12:55:00,60.0,0B31
202609040707,1,2026-09-21,9,7,2026-09-21 12:54:00,18,0,7,56138,88,51.2,19.0,202609210907,2026-09-21T12:55:02,9,7,2026-09-21T13:25:00,30m,2026-09-21T12:55:00,60.0,0B31
202609040708,1,2026-09-21,9,8,2026-09-21 13:24:00,12,0,7,32735,12,116.9,29.0,202609210908,2026-09-21T13:25:02,9,8,2026-09-21T13:55:00,30m,2026-09-21T13:25:00,60.0,0B31
202609040708,1,2026-09-21,9,8,2026-09-21 13:24:00,12,0,7,32735,13,73.1,23.0,202609210908,2026-09-21T13:25:02,9,8,2026-09-21T13:55:00,30m,2026-09-21T13:25:00,60.0,0B31
202609040708,1,2026-09-21,9,8,2026-09-21 13:24:00,12,0,7,32735,14,135.6,31.0,202609210908,2026-09-21T13:25:02,9,8,2026-09-21T13:55:00,30m,2026-09-21T13:25:00,60.0,0B31
202609040708,1,2026-09-21,9,8,2026-09-21 13:24:00,12,0,7,32735,15,100.3,26.0,202609210908,2026-09-21T13:25:02,9,8,2026-09-21T13:55:00,30m,2026-09-21T13:25:00,60.0,0B31
202609040708,1,2026-09-21,9,8,2026-09-21 13:24:00,12,0,7,32735,16,71.5,21.0,202609210908,2026-09-21T13:25:02,9,8,2026-09-21T13:55:00,30m,2026-09-21T13:25:00,60.0,0B31
202609040708,1,2026-09-21,9,8,2026-09-21 13:24:00,12,0,7,32735,17,123.5,30.0,202609210908,2026-09-21T13:25:02,9,8,2026-09-21T13:55:00,30m,2026-09-21T13:25:00,60.0,0B31
202609040708,1,2026-09-21,9,8,2026-09-21 13:24:00,12,0,7,32735,18,110.0,28.0,202609210908,2026-09-21T13:25:02,9,8,2026-09-21T13:55:00,30m,2026-09-21T13:25:00,60.0,0B31
202609040708,1,2026-09-21,9,8,2026-09-21 13:24:00,12,0,7,32735,23,41.4,17.0,202609210908,2026-09-21T13:25:02,9,8,2026-09-21T13:55:00,30m,2026-09-21T13:25:00,60.0,0B31
202609040708,1,2026-09-21,9,8,2026-09-21 13:24:00,12,0,7,32735,24,98.8,25.0,202609210908,2026-09-21T13:25:02,9,8,2026-09-21T13:55:00,30m,2026-09-21T13:25:00,60.0,0B31
202609040708,1,2026-09-21,9,8,2026-09-21 13:24:00,12,0,7,32735,25,31.6,12.0,202609210908,2026-09-21T13:25:02,9,8,2026-09-21T13:55:00,30m,2026-09-21T13:25:00,60.0,0B31
202609040708,1,2026-09-21,9,8,2026-09-21 13:24:00,12,0,7,32735,26,34.7,14.0,202609210908,2026-09-21T13:25:02,9,8,2026-09-21T13:55:00,30m,2026-09-21T13:25:00,60.0,0B31
202609040708,1,2026-09-21,9,8,2026-09-21 13:24:00,12,0,7,32735,27,94.2,24.0,202609210908,2026-09-21T13:25:02,9,8,2026-09-21T13:55:00,30m,2026-09-21T13:25:00,60.0,0B31
202609040708,1,2026-09-21,9,8,2026-09-21 13:24:00,12,0,7,32735,28,72.3,22.0,202609210908,2026-09-21T13:25:02,9,8,2026-09-21T13:55:00,30m,2026-09-21T13:25:00,60.0,0B31
202609040708,1,2026-09-21,9,8,2026-09-21 13:24:00,12,0,7,32735,34,15.2,7.0,202609210908,2026-09-21T13:25:02,9,8,2026-09-21T13:55:00,30m,2026-09-21T13:25:00,60.0,0B31
202609040708,1,2026-09-21,9,8,2026-09-21 13:24:00,12,0,7,32735,35,8.2,3.0,202609210908,2026-09-21T13:25:02,9,8,2026-09-21T13:55:00,30m,2026-09-21T13:25:00,60.0,0B31
202609040708,1,2026-09-21,9,8,2026-09-21 13:24:00,12,0,7,32735,36,5.2,1.0,202609210908,2026-09-21T13:25:02,9,8,2026-09-21T13:55:00,30m,2026-09-21T13:25:00,60.0,0B31
202609040708,1,2026-09-21,9,8,2026-09-21 13:24:00,12,0,7,32735,37,26.3,10.0,202609210908,2026-09-21T13:25:02,9,8,2026-09-21T13:55:00,30m,2026-09-21T13:25:00,60.0,0B31
202609040708,1,2026-09-21,9,8,2026-09-21 13:24:00,12,0,7,32735,38,14.1,5.0,202609210908,2026-09-21T13:25:02,9,8,2026-09-21T13:55:00,30m,2026-09-21T13:25:00,60.0,0B31
202609040708,1,2026-09-21,9,8,2026-09-21 13:24:00,12,0,7,32735,45,19.1,8.0,202609210908,2026-09-21T13:25:02,9,8,2026-09-21T13:55:00,30m,2026-09-21T13:25:00,60.0,0B31
202609040708,1,2026-09-21,9,8,2026-09-21 13:24:00,12,0,7,32735,46,14.6,6.0,202609210908,2026-09-21T13:25:02,9,8,2026-09-21T13:55:00,30m,2026-09-21T13:25:00,60.0,0B31
202609040708,1,2026-09-21,9,8,2026-09-21 13:24:00,12,0,7,32735,47,58.0,20.0,202609210908,2026-09-21T13:25:02,9,8,2026-09-21T13:55:00,30m,2026-09-21T13:25:00,60.0,0B31
202609040708,1,2026-09-21,9,8,2026-09-21 13:24:00,12,0,7,32735,48,38.1,15.0,202609210908,2026-09-21T13:25:02,9,8,2026-09-21T13:55:00,30m,2026-09-21T13:25:00,60.0,0B31
202609040708,1,2026-09-21,9,8,2026-09-21 13:24:00,12,0,7,32735,55,56.4,19.0,202609210908,2026-09-21T13:25:02,9,8,2026-09-21T13:55:00,30m,2026-09-21T13:25:00,60.0,0B31
202609040708,1,2026-09-21,9,8,2026-09-21 13:24:00,12,0,7,32735,56,7.6,2.0,202609210908,2026-09-21T13:25:02,9,8,2026-09-21T13:55:00,30m,2026-09-21T13:25:00,60.0,0B31
202609040708,1,2026-09-21,9,8,2026-09-21 13:24:00,12,0,7,32735,57,38.2,16.0,202609210908,2026-09-21T13:25:02,9,8,2026-09-21T13:55:00,30m,2026-09-21T13:25:00,60.0,0B31
202609040708,1,2026-09-21,9,8,2026-09-21 13:24:00,12,0,7,32735,58,19.4,9.0,202609210908,2026-09-21T13:25:02,9,8,2026-09-21T13:55:00,30m,2026-09-21T13:25:00,60.0,0B31
202609040708,1,2026-09-21,9,8,2026-09-21 13:24:00,12,0,7,32735,66,47.4,18.0,202609210908,2026-09-21T13:25:02,9,8,2026-09-21T13:55:00,30m,2026-09-21T13:25:00,60.0,0B31
202609040708,1,2026-09-21,9,8,2026-09-21 13:24:00,12,0,7,32735,67,27.8,11.0,202609210908,2026-09-21T13:25:02,9,8,2026-09-21T13:55:00,30m,2026-09-21T13:25:00,60.0,0B31
202609040708,1,2026-09-21,9,8,2026-09-21 13:24:00,12,0,7,32735,68,11.9,4.0,202609210908,2026-09-21T13:25:02,9,8,2026-09-21T13:55:00,30m,2026-09-21T13:25:00,60.0,0B31
202609040708,1,2026-09-21,9,8,2026-09-21 13:24:00,12,0,7,32735,77,459.4,32.0,202609210908,2026-09-21T13:25:02,9,8,2026-09-21T13:55:00,30m,2026-09-21T13:25:00,60.0,0B31
202609040708,1,2026-09-21,9,8,2026-09-21 13:24:00,12,0,7,32735,78,32.0,13.0,202609210908,2026-09-21T13:25:02,9,8,2026-09-21T13:55:00,30m,2026-09-21T13:25:00,60.0,0B31
202609040708,1,2026-09-21,9,8,2026-09-21 13:24:00,12,0,7,32735,88,100.3,26.0,202609210908,2026-09-21T13:25:02,9,8,2026-09-21T13:55:00,30m,2026-09-21T13:25:00,60.0,0B31
202609040709,1,2026-09-21,9,9,2026-09-21 13:54:00,16,0,7,67688,11,398.1,34.0,202609210909,2026-09-21T13:55:02,9,9,2026-09-21T14:25:00,30m,2026-09-21T13:55:00,60.0,0B31
202609040709,1,2026-09-21,9,9,2026-09-21 13:54:00,16,0,7,67688,12,15.9,6.0,202609210909,2026-09-21T13:55:02,9,9,2026-09-21T14:25:00,30m,2026-09-21T13:55:00,60.0,0B31
202609040709,1,2026-09-21,9,9,2026-09-21 13:54:00,16,0,7,67688,13,59.5,19.0,202609210909,2026-09-21T13:55:02,9,9,2026-09-21T14:25:00,30m,2026-09-21T13:55:00,60.0,0B31
202609040709,1,2026-09-21,9,9,2026-09-21 13:54:00,16,0,7,67688,14,103.7,28.0,202609210909,2026-09-21T13:55:02,9,9,2026-09-21T14:25:00,30m,2026-09-21T13:55:00,60.0,0B31
202609040709,1,2026-09-21,9,9,2026-09-21 13:54:00,16,0,7,67688,15,108.5,29.0,202609210909,2026-09-21T13:55:02,9,9,2026-09-21T14:25:00,30m,2026-09-21T13:55:00,60.0,0B31
202609040709,1,2026-09-21,9,9,2026-09-21 13:54:00,16,0,7,67688,16,20.0,9.0,202609210909,2026-09-21T13:55:02,9,9,2026-09-21T14:25:00,30m,2026-09-21T13:55:00,60.0,0B31
202609040709,1,2026-09-21,9,9,2026-09-21 13:54:00,16,0,7,67688,17,39.7,15.0,202609210909,2026-09-21T13:55:02,9,9,2026-09-21T14:25:00,30m,2026-09-21T13:55:00,60.0,0B31
202609040709,1,2026-09-21,9,9,2026-09-21 13:54:00,16,0,7,67688,18,62.2,20.0,202609210909,2026-09-21T13:55:02,9,9,2026-09-21T14:25:00,30m,2026-09-21T13:55:00,60.0,0B31
202609040709,1,2026-09-21,9,9,2026-09-21 13:54:00,16,0,7,67688,22,23.2,11.0,202609210909,2026-09-21T13:55:02,9,9,2026-09-21T14:25:00,30m,2026-09-21T13:55:00,60.0,0B31
202609040709,1,2026-09-21,9,9,2026-09-21 13:54:00,16,0,7,67688,23,18.2,8.0,202609210909,2026-09-21T13:55:02,9,9,2026-09-21T14:25:00,30m,2026-09-21T13:55:00,60.0,0B31
202609040709,1,2026-09-21,9,9,2026-09-21 13:54:00,16,0,7,67688,24,33.0,12.0,202609210909,2026-09-21T13:55:02,9,9,2026-09-21T14:25:00,30m,2026-09-21T13:55:00,60.0,0B31
202609040709,1,2026-09-21,9,9,2026-09-21 13:54:00,16,0,7,67688,25,40.8,16.0,202609210909,2026-09-21T13:55:02,9,9,2026-09-21T14:25:00,30m,2026-09-21T13:55:00,60.0,0B31
202609040709,1,2026-09-21,9,9,2026-09-21 13:54:00,16,0,7,67688,26,4.3,1.0,202609210909,2026-09-21T13:55:02,9,9,2026-09-21T14:25:00,30m,2026-09-21T13:55:00,60.0,0B31
202609040709,1,2026-09-21,9,9,2026-09-21 13:54:00,16,0,7,67688,27,9.1,2.0,202609210909,2026-09-21T13:55:02,9,9,2026-09-21T14:25:00,30m,2026-09-21T13:55:00,60.0,0B31
202609040709,1,2026-09-21,9,9,2026-09-21 13:54:00,16,0,7,67688,28,14.2,5.0,202609210909,2026-09-21T13:55:02,9,9,2026-09-21T14:25:00,30m,2026-09-21T13:55:00,60.0,0B31
202609040709,1,2026-09-21,9,9,2026-09-21 13:54:00,16,0,7,67688,33,363.4,33.0,202609210909,2026-09-21T13:55:02,9,9,2026-09-21T14:25:00,30m,2026-09-21T13:55:00,60.0,0B31
202609040709,1,2026-09-21,9,9,2026-09-21 13:54:00,16,0,7,67688,34,117.2,30.0,202609210909,2026-09-21T13:55:02,9,9,2026-09-21T14:25:00,30m,2026-09-21T13:55:00,60.0,0B31
202609040709,1,2026-09-21,9,9,2026-09-21 13:54:00,16,0,7,67688,35,84.2,26.0,202609210909,2026-09-21T13:55:02,9,9,2026-09-21T14:25:00,30m,2026-09-21T13:55:00,60.0,0B31
202609040709,1,2026-09-21,9,9,2026-09-21 13:54:00,16,0,7,67688,36,16.9,7.0,202609210909,2026-09-21T13:55:02,9,9,2026-09-21T14:25:00,30m,2026-09-21T13:55:00,60.0,0B31
202609040709,1,2026-09-21,9,9,2026-09-21 13:54:00,16,0,7,67688,37,35.0,13.0,202609210909,2026-09-21T13:55:02,9,9,2026-09-21T14:25:00,30m,2026-09-21T13:55:00,60.0,0B31
202609040709,1,2026-09-21,9,9,2026-09-21 13:54:00,16,0,7,67688,38,45.9,17.0,202609210909,2026-09-21T13:55:02,9,9,2026-09-21T14:25:00,30m,2026-09-21T13:55:00,60.0,0B31
202609040709,1,2026-09-21,9,9,2026-09-21 13:54:00,16,0,7,67688,44,520.6,35.0,202609210909,2026-09-21T13:55:02,9,9,2026-09-21T14:25:00,30m,2026-09-21T13:55:00,60.0,0B31
202609040709,1,2026-09-21,9,9,2026-09-21 13:54:00,16,0,7,67688,45,150.0,32.0,202609210909,2026-09-21T13:55:02,9,9,2026-09-21T14:25:00,30m,2026-09-21T13:55:00,60.0,0B31
202609040709,1,2026-09-21,9,9,2026-09-21 13:54:00,16,0,7,67688,46,38.7,14.0,202609210909,2026-09-21T13:55:02,9,9,2026-09-21T14:25:00,30m,2026-09-21T13:55:00,60.0,0B31
202609040709,1,2026-09-21,9,9,2026-09-21 13:54:00,16,0,7,67688,47,64.5,21.0,202609210909,2026-09-21T13:55:02,9,9,2026-09-21T14:25:00,30m,2026-09-21T13:55:00,60.0,0B31
202609040709,1,2026-09-21,9,9,2026-09-21 13:54:00,16,0,7,67688,48,75.3,24.0,202609210909,2026-09-21T13:55:02,9,9,2026-09-21T14:25:00,30m,2026-09-21T13:55:00,60.0,0B31
202609040709,1,2026-09-21,9,9,2026-09-21 13:54:00,16,0,7,67688,55,608.4,36.0,202609210909,2026-09-21T13:55:02,9,9,2026-09-21T14:25:00,30m,2026-09-21T13:55:00,60.0,0B31
202609040709,1,2026-09-21,9,9,2026-09-21 13:54:00,16,0,7,67688,56,46.1,18.0,202609210909,2026-09-21T13:55:02,9,9,2026-09-21T14:25:00,30m,2026-09-21T13:55:00,60.0,0B31
202609040709,1,2026-09-21,9,9,2026-09-21 13:54:00,16,0,7,67688,57,71.4,22.0,202609210909,2026-09-21T13:55:02,9,9,2026-09-21T14:25:00,30m,2026-09-21T13:55:00,60.0,0B31
202609040709,1,2026-09-21,9,9,2026-09-21 13:54:00,16,0,7,67688,58,84.8,27.0,202609210909,2026-09-21T13:55:02,9,9,2026-09-21T14:25:00,30m,2026-09-21T13:55:00,60.0,0B31
202609040709,1,2026-09-21,9,9,2026-09-21 13:54:00,16,0,7,67688,66,73.2,23.0,202609210909,2026-09-21T13:55:02,9,9,2026-09-21T14:25:00,30m,2026-09-21T13:55:00,60.0,0B31
202609040709,1,2026-09-21,9,9,2026-09-21 13:54:00,16,0,7,67688,67,9.9,3.0,202609210909,2026-09-21T13:55:02,9,9,2026-09-21T14:25:00,30m,2026-09-21T13:55:00,60.0,0B31
202609040709,1,2026-09-21,9,9,2026-09-21 13:54:00,16,0,7,67688,68,13.6,4.0,202609210909,2026-09-21T13:55:02,9,9,2026-09-21T14:25:00,30m,2026-09-21T13:55:00,60.0,0B31
202609040709,1,2026-09-21,9,9,2026-09-21 13:54:00,16,0,7,67688,77,81.3,25.0,202609210909,2026-09-21T13:55:02,9,9,2026-09-21T14:25:00,30m,2026-09-21T13:55:00,60.0,0B31
202609040709,1,2026-09-21,9,9,2026-09-21 13:54:00,16,0,7,67688,78,21.4,10.0,202609210909,2026-09-21T13:55:02,9,9,2026-09-21T14:25:00,30m,2026-09-21T13:55:00,60.0,0B31
202609040709,1,2026-09-21,9,9,2026-09-21 13:54:00,16,0,7,67688,88,126.2,31.0,202609210909,2026-09-21T13:55:02,9,9,2026-09-21T14:25:00,30m,2026-09-21T13:55:00,60.0,0B31
202609040710,1,2026-09-21,9,10,2026-09-21 14:34:00,16,0,7,161719,11,184.5,34.0,202609210910,2026-09-21T14:35:02,9,10,2026-09-21T15:05:00,30m,2026-09-21T14:35:00,60.0,0B31
202609040710,1,2026-09-21,9,10,2026-09-21 14:34:00,16,0,7,161719,12,29.4,14.0,202609210910,2026-09-21T14:35:02,9,10,2026-09-21T15:05:00,30m,2026-09-21T14:35:00,60.0,0B31
202609040710,1,2026-09-21,9,10,2026-09-21 14:34:00,16,0,7,161719,13,55.2,25.0,202609210910,2026-09-21T14:35:02,9,10,2026-09-21T15:05:00,30m,2026-09-21T14:35:00,60.0,0B31
202609040710,1,2026-09-21,9,10,2026-09-21 14:34:00,16,0,7,161719,14,28.3,12.0,202609210910,2026-09-21T14:35:02,9,10,2026-09-21T15:05:00,30m,2026-09-21T14:35:00,60.0,0B31
202609040710,1,2026-09-21,9,10,2026-09-21 14:34:00,16,0,7,161719,15,22.0,10.0,202609210910,2026-09-21T14:35:02,9,10,2026-09-21T15:05:00,30m,2026-09-21T14:35:00,60.0,0B31
202609040710,1,2026-09-21,9,10,2026-09-21 14:34:00,16,0,7,161719,16,45.6,20.0,202609210910,2026-09-21T14:35:02,9,10,2026-09-21T15:05:00,30m,2026-09-21T14:35:00,60.0,0B31
202609040710,1,2026-09-21,9,10,2026-09-21 14:34:00,16,0,7,161719,17,80.0,29.0,202609210910,2026-09-21T14:35:02,9,10,2026-09-21T15:05:00,30m,2026-09-21T14:35:00,60.0,0B31
202609040710,1,2026-09-21,9,10,2026-09-21 14:34:00,16,0,7,161719,18,30.1,15.0,202609210910,2026-09-21T14:35:02,9,10,2026-09-21T15:05:00,30m,2026-09-21T14:35:00,60.0,0B31
202609040710,1,2026-09-21,9,10,2026-09-21 14:34:00,16,0,7,161719,22,85.1,30.0,202609210910,2026-09-21T14:35:02,9,10,2026-09-21T15:05:00,30m,2026-09-21T14:35:00,60.0,0B31
202609040710,1,2026-09-21,9,10,2026-09-21 14:34:00,16,0,7,161719,23,40.8,18.0,202609210910,2026-09-21T14:35:02,9,10,2026-09-21T15:05:00,30m,2026-09-21T14:35:00,60.0,0B31
202609040710,1,2026-09-21,9,10,2026-09-21 14:34:00,16,0,7,161719,24,14.9,5.0,202609210910,2026-09-21T14:35:02,9,10,2026-09-21T15:05:00,30m,2026-09-21T14:35:00,60.0,0B31
202609040710,1,2026-09-21,9,10,2026-09-21 14:34:00,16,0,7,161719,25,12.5,4.0,202609210910,2026-09-21T14:35:02,9,10,2026-09-21T15:05:00,30m,2026-09-21T14:35:00,60.0,0B31
202609040710,1,2026-09-21,9,10,2026-09-21 14:34:00,16,0,7,161719,26,23.7,11.0,202609210910,2026-09-21T14:35:02,9,10,2026-09-21T15:05:00,30m,2026-09-21T14:35:00,60.0,0B31
202609040710,1,2026-09-21,9,10,2026-09-21 14:34:00,16,0,7,161719,27,64.1,27.0,202609210910,2026-09-21T14:35:02,9,10,2026-09-21T15:05:00,30m,2026-09-21T14:35:00,60.0,0B31
202609040710,1,2026-09-21,9,10,2026-09-21 14:34:00,16,0,7,161719,28,17.4,9.0,202609210910,2026-09-21T14:35:02,9,10,2026-09-21T15:05:00,30m,2026-09-21T14:35:00,60.0,0B31
202609040710,1,2026-09-21,9,10,2026-09-21 14:34:00,16,0,7,161719,33,346.8,35.0,202609210910,2026-09-21T14:35:02,9,10,2026-09-21T15:05:00,30m,2026-09-21T14:35:00,60.0,0B31
202609040710,1,2026-09-21,9,10,2026-09-21 14:34:00,16,0,7,161719,34,32.0,16.0,202609210910,2026-09-21T14:35:02,9,10,2026-09-21T15:05:00,30m,2026-09-21T14:35:00,60.0,0B31
202609040710,1,2026-09-21,9,10,2026-09-21 14:34:00,16,0,7,161719,35,28.8,13.0,202609210910,2026-09-21T14:35:02,9,10,2026-09-21T15:05:00,30m,2026-09-21T14:35:00,60.0,0B31
202609040710,1,2026-09-21,9,10,2026-09-21 14:34:00,16,0,7,161719,36,48.4,22.0,202609210910,2026-09-21T14:35:02,9,10,2026-09-21T15:05:00,30m,2026-09-21T14:35:00,60.0,0B31
202609040710,1,2026-09-21,9,10,2026-09-21 14:34:00,16,0,7,161719,37,93.7,31.0,202609210910,2026-09-21T14:35:02,9,10,2026-09-21T15:05:00,30m,2026-09-21T14:35:00,60.0,0B31
202609040710,1,2026-09-21,9,10,2026-09-21 14:34:00,16,0,7,161719,38,35.1,17.0,202609210910,2026-09-21T14:35:02,9,10,2026-09-21T15:05:00,30m,2026-09-21T14:35:00,60.0,0B31
202609040710,1,2026-09-21,9,10,2026-09-21 14:34:00,16,0,7,161719,44,142.4,32.0,202609210910,2026-09-21T14:35:02,9,10,2026-09-21T15:05:00,30m,2026-09-21T14:35:00,60.0,0B31
202609040710,1,2026-09-21,9,10,2026-09-21 14:34:00,16,0,7,161719,45,8.4,1.0,202609210910,2026-09-21T14:35:02,9,10,2026-09-21T15:05:00,30m,2026-09-21T14:35:00,60.0,0B31
202609040710,1,2026-09-21,9,10,2026-09-21 14:34:00,16,0,7,161719,46,16.2,7.0,202609210910,2026-09-21T14:35:02,9,10,2026-09-21T15:05:00,30m,2026-09-21T14:35:00,60.0,0B31
202609040710,1,2026-09-21,9,10,2026-09-21 14:34:00,16,0,7,161719,47,58.9,26.0,202609210910,2026-09-21T14:35:02,9,10,2026-09-21T15:05:00,30m,2026-09-21T14:35:00,60.0,0B31
202609040710,1,2026-09-21,9,10,2026-09-21 14:34:00,16,0,7,161719,48,11.5,3.0,202609210910,2026-09-21T14:35:02,9,10,2026-09-21T15:05:00,30m,2026-09-21T14:35:00,60.0,0B31
202609040710,1,2026-09-21,9,10,2026-09-21 14:34:00,16,0,7,161719,55,48.3,21.0,202609210910,2026-09-21T14:35:02,9,10,2026-09-21T15:05:00,30m,2026-09-21T14:35:00,60.0,0B31
202609040710,1,2026-09-21,9,10,2026-09-21 14:34:00,16,0,7,161719,56,15.4,6.0,202609210910,2026-09-21T14:35:02,9,10,2026-09-21T15:05:00,30m,2026-09-21T14:35:00,60.0,0B31
202609040710,1,2026-09-21,9,10,2026-09-21 14:34:00,16,0,7,161719,57,50.9,23.0,202609210910,2026-09-21T14:35:02,9,10,2026-09-21T15:05:00,30m,2026-09-21T14:35:00,60.0,0B31
202609040710,1,2026-09-21,9,10,2026-09-21 14:34:00,16,0,7,161719,58,10.1,2.0,202609210910,2026-09-21T14:35:02,9,10,2026-09-21T15:05:00,30m,2026-09-21T14:35:00,60.0,0B31
202609040710,1,2026-09-21,9,10,2026-09-21 14:34:00,16,0,7,161719,66,157.5,33.0,202609210910,2026-09-21T14:35:02,9,10,2026-09-21T15:05:00,30m,2026-09-21T14:35:00,60.0,0B31
202609040710,1,2026-09-21,9,10,2026-09-21 14:34:00,16,0,7,161719,67,70.8,28.0,202609210910,2026-09-21T14:35:02,9,10,2026-09-21T15:05:00,30m,2026-09-21T14:35:00,60.0,0B31
202609040710,1,2026-09-21,9,10,2026-09-21 14:34:00,16,0,7,161719,68,16.7,8.0,202609210910,2026-09-21T14:35:02,9,10,2026-09-21T15:05:00,30m,2026-09-21T14:35:00,60.0,0B31
202609040710,1,2026-09-21,9,10,2026-09-21 14:34:00,16,0,7,161719,77,486.3,36.0,202609210910,2026-09-21T14:35:02,9,10,2026-09-21T15:05:00,30m,2026-09-21T14:35:00,60.0,0B31
202609040710,1,2026-09-21,9,10,2026-09-21 14:34:00,16,0,7,161719,78,42.4,19.0,202609210910,2026-09-21T14:35:02,9,10,2026-09-21T15:05:00,30m,2026-09-21T14:35:00,60.0,0B31
202609040710,1,2026-09-21,9,10,2026-09-21 14:34:00,16,0,7,161719,88,53.9,24.0,202609210910,2026-09-21T14:35:02,9,10,2026-09-21T15:05:00,30m,2026-09-21T14:35:00,60.0,0B31
202609040711,1,2026-09-21,9,11,2026-09-21 15:14:00,11,0,7,477955,12,10.0,6.0,202609210911,2026-09-21T15:15:02,9,11,2026-09-21T15:45:00,30m,2026-09-21T15:15:00,60.0,0B31
202609040711,1,2026-09-21,9,11,2026-09-21 15:14:00,11,0,7,477955,13,6.5,4.0,202609210911,2026-09-21T15:15:02,9,11,2026-09-21T15:45:00,30m,2026-09-21T15:15:00,60.0,0B31
202609040711,1,2026-09-21,9,11,2026-09-21 15:14:00,11,0,7,477955,14,6.4,3.0,202609210911,2026-09-21T15:15:02,9,11,2026-09-21T15:45:00,30m,2026-09-21T15:15:00,60.0,0B31
202609040711,1,2026-09-21,9,11,2026-09-21 15:14:00,11,0,7,477955,15,47.9,9.0,202609210911,2026-09-21T15:15:02,9,11,2026-09-21T15:45:00,30m,2026-09-21T15:15:00,60.0,0B31
202609040711,1,2026-09-21,9,11,2026-09-21 15:14:00,11,0,7,477955,16,4.2,1.0,202609210911,2026-09-21T15:15:02,9,11,2026-09-21T15:45:00,30m,2026-09-21T15:15:00,60.0,0B31
202609040711,1,2026-09-21,9,11,2026-09-21 15:14:00,11,0,7,477955,17,5.2,2.0,202609210911,2026-09-21T15:15:02,9,11,2026-09-21T15:45:00,30m,2026-09-21T15:15:00,60.0,0B31
202609040711,1,2026-09-21,9,11,2026-09-21 15:14:00,11,0,7,477955,18,8.4,5.0,202609210911,2026-09-21T15:15:02,9,11,2026-09-21T15:45:00,30m,2026-09-21T15:15:00,60.0,0B31
202609040711,1,2026-09-21,9,11,2026-09-21 15:14:00,11,0,7,477955,23,83.5,17.0,202609210911,2026-09-21T15:15:02,9,11,2026-09-21T15:45:00,30m,2026-09-21T15:15:00,60.0,0B31
202609040711,1,2026-09-21,9,11,2026-09-21 15:14:00,11,0,7,477955,24,124.7,22.0,202609210911,2026-09-21T15:15:02,9,11,2026-09-21T15:45:00,30m,2026-09-21T15:15:00,60.0,0B31
202609040711,1,2026-09-21,9,11,2026-09-21 15:14:00,11,0,7,477955,25,273.5,29.0,202609210911,2026-09-21T15:15:02,9,11,2026-09-21T15:45:00,30m,2026-09-21T15:15:00,60.0,0B31
202609040711,1,2026-09-21,9,11,2026-09-21 15:14:00,11,0,7,477955,26,92.7,19.0,202609210911,2026-09-21T15:15:02,9,11,2026-09-21T15:45:00,30m,2026-09-21T15:15:00,60.0,0B31
202609040711,1,2026-09-21,9,11,2026-09-21 15:14:00,11,0,7,477955,27,101.8,20.0,202609210911,2026-09-21T15:15:02,9,11,2026-09-21T15:45:00,30m,2026-09-21T15:15:00,60.0,0B31
202609040711,1,2026-09-21,9,11,2026-09-21 15:14:00,11,0,7,477955,28,111.2,21.0,202609210911,2026-09-21T15:15:02,9,11,2026-09-21T15:45:00,30m,2026-09-21T15:15:00,60.0,0B31
202609040711,1,2026-09-21,9,11,2026-09-21 15:14:00,11,0,7,477955,34,73.3,16.0,202609210911,2026-09-21T15:15:02,9,11,2026-09-21T15:45:00,30m,2026-09-21T15:15:00,60.0,0B31
202609040711,1,2026-09-21,9,11,2026-09-21 15:14:00,11,0,7,477955,35,231.5,28.0,202609210911,2026-09-21T15:15:02,9,11,2026-09-21T15:45:00,30m,2026-09-21T15:15:00,60.0,0B31
202609040711,1,2026-09-21,9,11,2026-09-21 15:14:00,11,0,7,477955,36,42.4,8.0,202609210911,2026-09-21T15:15:02,9,11,2026-09-21T15:45:00,30m,2026-09-21T15:15:00,60.0,0B31
202609040711,1,2026-09-21,9,11,2026-09-21 15:14:00,11,0,7,477955,37,53.9,13.0,202609210911,2026-09-21T15:15:02,9,11,2026-09-21T15:45:00,30m,2026-09-21T15:15:00,60.0,0B31
202609040711,1,2026-09-21,9,11,2026-09-21 15:14:00,11,0,7,477955,38,58.1,14.0,202609210911,2026-09-21T15:15:02,9,11,2026-09-21T15:45:00,30m,2026-09-21T15:15:00,60.0,0B31
202609040711,1,2026-09-21,9,11,2026-09-21 15:14:00,11,0,7,477955,45,316.2,30.0,202609210911,2026-09-21T15:15:02,9,11,2026-09-21T15:45:00,30m,2026-09-21T15:15:00,60.0,0B31
202609040711,1,2026-09-21,9,11,2026-09-21 15:14:00,11,0,7,477955,46,51.5,12.0,202609210911,2026-09-21T15:15:02,9,11,2026-09-21T15:45:00,30m,2026-09-21T15:15:00,60.0,0B31
202609040711,1,2026-09-21,9,11,2026-09-21 15:14:00,11,0,7,477955,47,59.3,15.0,202609210911,2026-09-21T15:15:02,9,11,2026-09-21T15:45:00,30m,2026-09-21T15:15:00,60.0,0B31
202609040711,1,2026-09-21,9,11,2026-09-21 15:14:00,11,0,7,477955,48,83.8,18.0,202609210911,2026-09-21T15:15:02,9,11,2026-09-21T15:45:00,30m,2026-09-21T15:15:00,60.0,0B31
202609040711,1,2026-09-21,9,11,2026-09-21 15:14:00,11,0,7,477955,56,191.6,25.0,202609210911,2026-09-21T15:15:02,9,11,2026-09-21T15:45:00,30m,2026-09-21T15:15:00,60.0,0B31
202609040711,1,2026-09-21,9,11,2026-09-21 15:14:00,11,0,7,477955,57,229.0,27.0,202609210911,2026-09-21T15:15:02,9,11,2026-09-21T15:45:00,30m,2026-09-21T15:15:00,60.0,0B31
202609040711,1,2026-09-21,9,11,2026-09-21 15:14:00,11,0,7,477955,58,171.6,23.0,202609210911,2026-09-21T15:15:02,9,11,2026-09-21T15:45:00,30m,2026-09-21T15:15:00,60.0,0B31
202609040711,1,2026-09-21,9,11,2026-09-21 15:14:00,11,0,7,477955,66,178.7,24.0,202609210911,2026-09-21T15:15:02,9,11,2026-09-21T15:45:00,30m,2026-09-21T15:15:00,60.0,0B31
202609040711,1,2026-09-21,9,11,2026-09-21 15:14:00,11,0,7,477955,67,37.1,7.0,202609210911,2026-09-21T15:15:02,9,11,2026-09-21T15:45:00,30m,2026-09-21T15:15:00,60.0,0B31
202609040711,1,2026-09-21,9,11,2026-09-21 15:14:00,11,0,7,477955,68,48.4,10.0,202609210911,2026-09-21T15:15:02,9,11,2026-09-21T15:45:00,30m,2026-09-21T15:15:00,60.0,0B31
202609040711,1,2026-09-21,9,11,2026-09-21 15:14:00,11,0,7,477955,77,327.9,31.0,202609210911,2026-09-21T15:15:02,9,11,2026-09-21T15:45:00,30m,2026-09-21T15:15:00,60.0,0B31
202609040711,1,2026-09-21,9,11,2026-09-21 15:14:00,11,0,7,477955,78,48.8,11.0,202609210911,2026-09-21T15:15:02,9,11,2026-09-21T15:45:00,30m,2026-09-21T15:15:00,60.0,0B31
202609040711,1,2026-09-21,9,11,2026-09-21 15:14:00,11,0,7,477955,88,212.5,26.0,202609210911,2026-09-21T15:15:02,9,11,2026-09-21T15:45:00,30m,2026-09-21T15:15:00,60.0,0B31
202609040712,1,2026-09-21,09,12,2026-09-21 15:59:00,15,0,7,116335,12,109.6,28.0,202609210912,2026-09-21T16:00:02,09,12,2026-09-21T16:30:00,30m,2026-09-21T16:00:00,60.0,0B31
202609040712,1,2026-09-21,09,12,2026-09-21 15:59:00,15,0,7,116335,13,74.5,23.0,202609210912,2026-09-21T16:00:02,09,12,2026-09-21T16:30:00,30m,2026-09-21T16:00:00,60.0,0B31
202609040712,1,2026-09-21,09,12,2026-09-21 15:59:00,15,0,7,116335,14,104.3,27.0,202609210912,2026-09-21T16:00:02,09,12,2026-09-21T16:30:00,30m,2026-09-21T16:00:00,60.0,0B31
202609040712,1,2026-09-21,09,12,2026-09-21 15:59:00,15,0,7,116335,15,59.5,21.0,202609210912,2026-09-21T16:00:02,09,12,2026-09-21T16:30:00,30m,2026-09-21T16:00:00,60.0,0B31
202609040712,1,2026-09-21,09,12,2026-09-21 15:59:00,15,0,7,116335,16,117.8,29.0,202609210912,2026-09-21T16:00:02,09,12,2026-09-21T16:30:00,30m,2026-09-21T16:00:00,60.0,0B31
202609040712,1,2026-09-21,09,12,2026-09-21 15:59:00,15,0,7,116335,17,135.4,31.0,202609210912,2026-09-21T16:00:02,09,12,2026-09-21T16:30:00,30m,2026-09-21T16:00:00,60.0,0B31
202609040712,1,2026-09-21,09,12,2026-09-21 15:59:00,15,0,7,116335,18,133.3,30.0,202609210912,2026-09-21T16:00:02,09,12,2026-09-21T16:30:00,30m,2026-09-21T16:00:00,60.0,0B31
202609040712,1,2026-09-21,09,12,2026-09-21 15:59:00,15,0,7,116335,22,367.8,35.0,202609210912,2026-09-21T16:00:02,09,12,2026-09-21T16:30:00,30m,2026-09-21T16:00:00,60.0,0B31
202609040712,1,2026-09-21,09,12,2026-09-21 15:59:00,15,0,7,116335,23,37.5,14.0,202609210912,2026-09-21T16:00:02,09,12,2026-09-21T16:30:00,30m,2026-09-21T16:00:00,60.0,0B31
202609040712,1,2026-09-21,09,12,2026-09-21 15:59:00,15,0,7,116335,24,51.3,20.0,202609210912,2026-09-21T16:00:02,09,12,2026-09-21T16:30:00,30m,2026-09-21T16:00:00,60.0,0B31
202609040712,1,2026-09-21,09,12,2026-09-21 15:59:00,15,0,7,116335,25,26.9,10.0,202609210912,2026-09-21T16:00:02,09,12,2026-09-21T16:30:00,30m,2026-09-21T16:00:00,60.0,0B31
202609040712,1,2026-09-21,09,12,2026-09-21 15:59:00,15,0,7,116335,26,62.8,22.0,202609210912,2026-09-21T16:00:02,09,12,2026-09-21T16:30:00,30m,2026-09-21T16:00:00,60.0,0B31
202609040712,1,2026-09-21,09,12,2026-09-21 15:59:00,15,0,7,116335,27,84.6,26.0,202609210912,2026-09-21T16:00:02,09,12,2026-09-21T16:30:00,30m,2026-09-21T16:00:00,60.0,0B31
202609040712,1,2026-09-21,09,12,2026-09-21 15:59:00,15,0,7,116335,28,79.2,24.0,202609210912,2026-09-21T16:00:02,09,12,2026-09-21T16:30:00,30m,2026-09-21T16:00:00,60.0,0B31
202609040712,1,2026-09-21,09,12,2026-09-21 15:59:00,15,0,7,116335,33,40.9,16.0,202609210912,2026-09-21T16:00:02,09,12,2026-09-21T16:30:00,30m,2026-09-21T16:00:00,60.0,0B31
202609040712,1,2026-09-21,09,12,2026-09-21 15:59:00,15,0,7,116335,34,11.6,4.0,202609210912,2026-09-21T16:00:02,09,12,2026-09-21T16:30:00,30m,2026-09-21T16:00:00,60.0,0B31
202609040712,1,2026-09-21,09,12,2026-09-21 15:59:00,15,0,7,116335,35,5.5,1.0,202609210912,2026-09-21T16:00:02,09,12,2026-09-21T16:30:00,30m,2026-09-21T16:00:00,60.0,0B31
202609040712,1,2026-09-21,09,12,2026-09-21 15:59:00,15,0,7,116335,36,12.4,5.0,202609210912,2026-09-21T16:00:02,09,12,2026-09-21T16:30:00,30m,2026-09-21T16:00:00,60.0,0B31
202609040712,1,2026-09-21,09,12,2026-09-21 15:59:00,15,0,7,116335,37,34.8,13.0,202609210912,2026-09-21T16:00:02,09,12,2026-09-21T16:30:00,30m,2026-09-21T16:00:00,60.0,0B31
202609040712,1,2026-09-21,09,12,2026-09-21 15:59:00,15,0,7,116335,38,25.5,9.0,202609210912,2026-09-21T16:00:02,09,12,2026-09-21T16:30:00,30m,2026-09-21T16:00:00,60.0,0B31
202609040712,1,2026-09-21,09,12,2026-09-21 15:59:00,15,0,7,116335,44,83.3,25.0,202609210912,2026-09-21T16:00:02,09,12,2026-09-21T16:30:00,30m,2026-09-21T16:00:00,60.0,0B31
202609040712,1,2026-09-21,09,12,2026-09-21 15:59:00,15,0,7,116335,45,9.2,3.0,202609210912,2026-09-21T16:00:02,09,12,2026-09-21T16:30:00,30m,2026-09-21T16:00:00,60.0,0B31
202609040712,1,2026-09-21,09,12,2026-09-21 15:59:00,15,0,7,116335,46,18.3,7.0,202609210912,2026-09-21T16:00:02,09,12,2026-09-21T16:30:00,30m,2026-09-21T16:00:00,60.0,0B31
202609040712,1,2026-09-21,09,12,2026-09-21 15:59:00,15,0,7,116335,47,49.0,19.0,202609210912,2026-09-21T16:00:02,09,12,2026-09-21T16:30:00,30m,2026-09-21T16:00:00,60.0,0B31
202609040712,1,2026-09-21,09,12,2026-09-21 15:59:00,15,0,7,116335,48,39.5,15.0,202609210912,2026-09-21T16:00:02,09,12,2026-09-21T16:30:00,30m,2026-09-21T16:00:00,60.0,0B31
202609040712,1,2026-09-21,09,12,2026-09-21 15:59:00,15,0,7,116335,55,34.4,12.0,202609210912,2026-09-21T16:00:02,09,12,2026-09-21T16:30:00,30m,2026-09-21T16:00:00,60.0,0B31
202609040712,1,2026-09-21,09,12,2026-09-21 15:59:00,15,0,7,116335,56,5.8,2.0,202609210912,2026-09-21T16:00:02,09,12,2026-09-21T16:30:00,30m,2026-09-21T16:00:00,60.0,0B31
202609040712,1,2026-09-21,09,12,2026-09-21 15:59:00,15,0,7,116335,57,21.1,8.0,202609210912,2026-09-21T16:00:02,09,12,2026-09-21T16:30:00,30m,2026-09-21T16:00:00,60.0,0B31
202609040712,1,2026-09-21,09,12,2026-09-21 15:59:00,15,0,7,116335,58,17.9,6.0,202609210912,2026-09-21T16:00:02,09,12,2026-09-21T16:30:00,30m,2026-09-21T16:00:00,60.0,0B31
202609040712,1,2026-09-21,09,12,2026-09-21 15:59:00,15,0,7,116335,66,181.4,32.0,202609210912,2026-09-21T16:00:02,09,12,2026-09-21T16:30:00,30m,2026-09-21T16:00:00,60.0,0B31
202609040712,1,2026-09-21,09,12,2026-09-21 15:59:00,15,0,7,116335,67,48.6,18.0,202609210912,2026-09-21T16:00:02,09,12,2026-09-21T16:30:00,30m,2026-09-21T16:00:00,60.0,0B31
202609040712,1,2026-09-21,09,12,2026-09-21 15:59:00,15,0,7,116335,68,31.4,11.0,202609210912,2026-09-21T16:00:02,09,12,2026-09-21T16:30:00,30m,2026-09-21T16:00:00,60.0,0B31
202609040712,1,2026-09-21,09,12,2026-09-21 15:59:00,15,0,7,116335,77,209.1,33.0,202609210912,2026-09-21T16:00:02,09,12,2026-09-21T16:30:00,30m,2026-09-21T16:00:00,60.0,0B31
202609040712,1,2026-09-21,09,12,2026-09-21 15:59:00,15,0,7,116335,78,43.4,17.0,202609210912,2026-09-21T16:00:02,09,12,2026-09-21T16:30:00,30m,2026-09-21T16:00:00,60.0,0B31
202609040712,1,2026-09-21,09,12,2026-09-21 15:59:00,15,0,7,116335,88,238.6,34.0,202609210912,2026-09-21T16:00:02,09,12,2026-09-21T16:30:00,30m,2026-09-21T16:00:00,60.0,0B31
