race_id,horse_number,pred_proba,odds_5m,ev,bet_amount,pool_5m,inc_share_10m_5m,skip_reason
202606040802,3,0.237037037037037,3.6,0.8533333333333334,0.0,19705500.0,0.2494949776998489,pool_filter
202606040802,10,0.237037037037037,3.9,0.9244444444444444,0.0,19705500.0,0.2234833273550895,pool_filter
202606040802,8,0.1925133689839572,4.1,0.7893048128342245,0.0,19705500.0,0.1970606097568474,pool_filter
202606040802,11,0.1620915032679738,5.0,0.8104575163398693,0.0,19705500.0,0.1412216005771125,pool_filter
202606040802,7,0.084870848708487,8.4,0.7129151291512915,0.0,19705500.0,0.0866507648198425,pool_filter
202606040802,9,0.0344049633389734,24.3,0.8360406091370559,0.0,19705500.0,0.0300349168872076,pool_filter
202606040802,4,0.0237990304098721,26.2,0.6235345967386514,0.0,19705500.0,0.024591480442064,pool_filter
202606040802,12,0.0237990304098721,28.9,0.6877919788453063,0.0,19705500.0,0.02252814438836,pool_filter
202606040802,2,0.0084341767510084,46.9,0.3955628896222954,0.0,19705500.0,0.0141021419712557,pool_filter
202606040802,1,0.0067415730337078,81.1,0.5467415730337079,0.0,19705500.0,0.0063185969796707,pool_filter
202606040802,6,0.0032715376226826,80.0,0.2617230098146129,0.0,19705500.0,0.0022037100183849,pool_filter
202606040802,5,0.0018691588785046,134.8,0.2519626168224299,0.0,19705500.0,0.0023097291043157,pool_filter
202606040804,1,0.237037037037037,3.5,0.8296296296296297,0.0,21379300.0,0.2287705704454524,pool_filter|ev_below_threshold
202606040804,2,0.237037037037037,3.7,0.8770370370370371,0.0,21379300.0,0.2069945818147681,pool_filter|ev_below_threshold
202606040804,3,0.237037037037037,3.1,0.7348148148148148,0.0,21379300.0,0.2149686079315052,pool_filter|ev_below_threshold
202606040804,5,0.1925133689839572,4.2,0.8085561497326204,0.0,21379300.0,0.2223902063337202,pool_filter|ev_below_threshold
202606040804,4,0.084870848708487,8.0,0.6789667896678967,0.0,21379300.0,0.1174956464921061,pool_filter|ev_below_threshold
202606040804,6,0.0084341767510084,53.5,0.4512284561789511,0.0,21379300.0,0.0093803869824478,pool_filter|ev_below_threshold
202606040805,12,0.3203125,2.1,0.6726562500000001,0.0,28559700.0,0.3100757421393041,pool_filter|ev_below_threshold
202606040805,10,0.237037037037037,3.3,0.7822222222222223,0.0,28559700.0,0.2967881138574251,pool_filter|ev_below_threshold
202606040805,6,0.0411764705882352,11.3,0.4652941176470588,0.0,28559700.0,0.0862298310633207,pool_filter|ev_below_threshold
202606040805,2,0.0344049633389734,19.5,0.6708967851099831,0.0,28559700.0,0.0202825261277268,pool_filter|ev_below_threshold
202606040805,4,0.0344049633389734,12.0,0.4128595600676819,0.0,28559700.0,0.091279644182351,pool_filter|ev_below_threshold
202606040805,5,0.0344049633389734,15.9,0.5470389170896786,0.0,28559700.0,0.0486949498400251,pool_filter|ev_below_threshold
202606040805,14,0.0344049633389734,20.1,0.6915397631133673,0.0,28559700.0,0.047025319909651,pool_filter|ev_below_threshold
202606040805,8,0.0237990304098721,28.2,0.6711326575583958,0.0,28559700.0,0.0222046358962521,pool_filter|ev_below_threshold
202606040805,13,0.0237990304098721,33.1,0.7877479065667695,0.0,28559700.0,0.0220181525468432,pool_filter|ev_below_threshold
202606040805,7,0.0154109589041095,50.1,0.7720890410958904,0.0,28559700.0,0.0175210755440856,pool_filter|ev_below_threshold
202606040805,1,0.0084341767510084,54.9,0.4630363036303629,0.0,28559700.0,0.0125828491514226,pool_filter|ev_below_threshold
202606040805,11,0.0084341767510084,41.6,0.3508617528419508,0.0,28559700.0,0.012489889533657,pool_filter|ev_below_threshold
202606040805,3,0.0032715376226826,110.5,0.361504907306434,0.0,28559700.0,0.0049834340335353,pool_filter|ev_below_threshold
202606040805,9,0.0032715376226826,72.7,0.2378407851690294,0.0,28559700.0,0.0078238361743998,pool_filter|ev_below_threshold
202606040806,2,0.3158953722334004,2.3,0.7265593561368209,0.0,14364900.0,0.3694613332319163,pool_filter|ev_below_threshold
202606040806,4,0.3158953722334004,2.4,0.758148893360161,0.0,14364900.0,0.3736033436106407,pool_filter|ev_below_threshold
202606040806,1,0.084870848708487,7.4,0.6280442804428045,0.0,14364900.0,0.0997509321955498,pool_filter|ev_below_threshold
202606040806,5,0.084870848708487,10.5,0.8911439114391144,0.0,14364900.0,0.0458509690756546,pool_filter|ev_below_threshold
202606040806,3,0.0411764705882352,14.2,0.5847058823529412,0.0,14364900.0,0.0387702129505245,pool_filter|ev_below_threshold
202606040806,7,0.0411764705882352,11.4,0.4694117647058823,0.0,14364900.0,0.054664555881315,pool_filter|ev_below_threshold
202606040806,6,0.0237990304098721,36.5,0.868664609960335,0.0,14364900.0,0.0178986530543987,pool_filter|ev_below_threshold
202606040807,6,0.514018691588785,1.5,0.7710280373831775,0.0,26986000.0,0.5329006457843694,pool_filter|ev_below_threshold
202606040807,17,0.084870848708487,9.3,0.78929889298893,0.0,26986000.0,0.1092588049174003,pool_filter|ev_below_threshold
202606040807,2,0.0411764705882352,11.2,0.4611764705882352,0.0,26986000.0,0.0662097670352811,pool_filter|ev_below_threshold
202606040807,10,0.0344049633389734,20.7,0.7121827411167513,0.0,26986000.0,0.0309964468748153,pool_filter|ev_below_threshold
202606040807,11,0.0344049633389734,21.9,0.7534686971235194,0.0,26986000.0,0.0277293095480101,pool_filter|ev_below_threshold
202606040807,12,0.0344049633389734,21.8,0.7500282007896222,0.0,26986000.0,0.0353293614176435,pool_filter|ev_below_threshold
202606040807,13,0.0344049633389734,21.1,0.7259447264523408,0.0,26986000.0,0.0330277030881287,pool_filter|ev_below_threshold
202606040807,16,0.0344049633389734,15.0,0.5160744500846024,0.0,26986000.0,0.0671223496899408,pool_filter|ev_below_threshold
202606040807,1,0.0237990304098721,38.1,0.9067430586161304,0.0,26986000.0,0.0164423041520118,pool_filter|ev_below_threshold
202606040807,3,0.0237990304098721,37.6,0.8948435434111944,0.0,26986000.0,0.016318089963542,pool_filter|ev_below_threshold
202606040807,5,0.0237990304098721,31.6,0.7520493609519613,0.0,26986000.0,0.0230064334920307,pool_filter|ev_below_threshold
202606040807,7,0.0237990304098721,36.0,0.8567650947553989,0.0,26986000.0,0.0204500994478898,pool_filter|ev_below_threshold
202606040807,15,0.0084341767510084,104.2,0.8788412174550787,0.0,26986000.0,0.0052889287162758,pool_filter|ev_below_threshold
202606040807,14,0.0067415730337078,85.2,0.5743820224719102,0.0,26986000.0,0.0053085999308551,pool_filter|ev_below_threshold
202606040807,9,0.0032715376226826,108.1,0.3536532170119956,0.0,26986000.0,0.0056086818255012,pool_filter|ev_below_threshold
202606040807,4,0.0018691588785046,208.7,0.3900934579439252,0.0,26986000.0,0.0020680278523117,pool_filter|ev_below_threshold
202606040807,8,0.0018691588785046,206.9,0.3867289719626168,0.0,26986000.0,0.0015352082786871,pool_filter|ev_below_threshold
202606040807,18,0.0018691588785046,241.4,0.451214953271028,0.0,26986000.0,0.0013992379853047,pool_filter|ev_below_threshold
202606040808,12,0.3158953722334004,2.4,0.758148893360161,0.0,23446800.0,0.3462634308048667,pool_filter|ev_below_threshold
202606040808,1,0.1620915032679738,4.6,0.7456209150326797,0.0,23446800.0,0.1952810969476228,pool_filter|ev_below_threshold
202606040808,4,0.1299897645854657,6.7,0.8709314227226203,0.0,23446800.0,0.1206662582471977,pool_filter|ev_below_threshold
202606040808,7,0.084870848708487,8.8,0.7468634686346864,0.0,23446800.0,0.0937224059944639,pool_filter|ev_below_threshold
202606040808,11,0.084870848708487,8.0,0.6789667896678967,0.0,23446800.0,0.093547884107286,pool_filter|ev_below_threshold
202606040808,3,0.0344049633389734,14.9,0.5126339537507051,0.0,23446800.0,0.0508661999279212,pool_filter|ev_below_threshold
202606040808,13,0.0344049633389734,20.4,0.7018612521150592,0.0,23446800.0,0.036253829393085,pool_filter|ev_below_threshold
202606040808,10,0.0237990304098721,29.1,0.6925517849272808,0.0,23446800.0,0.0238071149922396,pool_filter|ev_below_threshold
202606040808,2,0.0084341767510084,40.7,0.3432709937660432,0.0,23446800.0,0.0097116904731695,pool_filter|ev_below_threshold
202606040808,8,0.0067415730337078,86.4,0.5824719101123595,0.0,23446800.0,0.0066012079421089,pool_filter|ev_below_threshold
202606040808,9,0.0067415730337078,88.9,0.5993258426966293,0.0,23446800.0,0.0054846164275495,pool_filter|ev_below_threshold
202606040808,14,0.0032715376226826,71.8,0.234896401308615,0.0,23446800.0,0.0049156384345066,pool_filter|ev_below_threshold
202606040808,15,0.0032715376226826,138.8,0.4540894220283533,0.0,23446800.0,0.0036202070777521,pool_filter|ev_below_threshold
202606040808,16,0.0032715376226826,113.9,0.3726281352235551,0.0,23446800.0,0.0044535344214029,pool_filter|ev_below_threshold
202606040808,5,0.0018691588785046,213.1,0.3983177570093458,0.0,23446800.0,0.0023739056859934,pool_filter|ev_below_threshold
202606040808,6,0.0018691588785046,210.2,0.3928971962616822,0.0,23446800.0,0.0024309791228336,pool_filter|ev_below_threshold
202606040809,2,0.3333333333333333,1.7,0.5666666666666667,0.0,41185300.0,0.2883318190133854,pool_filter|ev_below_threshold
202606040809,8,0.237037037037037,3.7,0.8770370370370371,0.0,41185300.0,0.3302511189843572,pool_filter|ev_below_threshold
202606040809,6,0.15149136577708,5.9,0.8937990580847723,0.0,41185300.0,0.1833133834964775,pool_filter|ev_below_threshold
202606040809,4,0.084870848708487,10.8,0.9166051660516606,0.0,41185300.0,0.0954270605759101,pool_filter|ev_below_threshold
202606040809,3,0.0344049633389734,15.2,0.522955442752397,0.0,41185300.0,0.0490984907805342,pool_filter|ev_below_threshold
202606040809,5,0.0344049633389734,23.3,0.8016356457980823,0.0,41185300.0,0.0346533295613397,pool_filter|ev_below_threshold
202606040809,1,0.0237990304098721,39.7,0.944821507271926,0.0,41185300.0,0.0160766533649488,pool_filter|ev_below_threshold
202606040809,7,0.0018691588785046,135.6,0.2534579439252336,0.0,41185300.0,0.0028481442230467,pool_filter|ev_below_threshold
202606040810,7,0.1620915032679738,4.3,0.6969934640522876,0.0,52392500.0,0.1957518707205886,pool_filter|ev_below_threshold
202606040810,2,0.15149136577708,5.7,0.8635007849293563,0.0,52392500.0,0.1387806818913204,pool_filter|ev_below_threshold
202606040810,9,0.15149136577708,5.4,0.8180533751962323,0.0,52392500.0,0.1464907197741715,pool_filter|ev_below_threshold
202606040810,1,0.084870848708487,8.0,0.6789667896678967,0.0,52392500.0,0.0988812358475658,pool_filter|ev_below_threshold
202606040810,3,0.0344049633389734,19.2,0.660575296108291,0.0,52392500.0,0.0368056916104876,pool_filter|ev_below_threshold
202606040810,4,0.0344049633389734,22.5,0.7741116751269036,0.0,52392500.0,0.0285815063091733,pool_filter|ev_below_threshold
202606040810,5,0.0344049633389734,23.6,0.8119571347997745,0.0,52392500.0,0.0310540015526101,pool_filter|ev_below_threshold
202606040810,8,0.0344049633389734,12.7,0.4369430344049633,0.0,52392500.0,0.071460275756573,pool_filter|ev_below_threshold
202606040810,11,0.0344049633389734,24.9,0.8566835871404399,0.0,52392500.0,0.0303068578925104,pool_filter|ev_below_threshold
202606040810,12,0.0344049633389734,13.7,0.4713479977439368,0.0,52392500.0,0.0656536882351689,pool_filter|ev_below_threshold
202606040810,14,0.0344049633389734,20.1,0.6915397631133673,0.0,52392500.0,0.0446139245315161,pool_filter|ev_below_threshold
202606040810,16,0.0344049633389734,15.3,0.5263959390862945,0.0,52392500.0,0.0477897080503266,pool_filter|ev_below_threshold
202606040810,6,0.0237990304098721,29.4,0.6996914940502423,0.0,52392500.0,0.0276726440298441,pool_filter|ev_below_threshold
202606040810,10,0.0084341767510084,56.7,0.4782178217821781,0.0,52392500.0,0.0116767654035577,pool_filter|ev_below_threshold
202606040810,13,0.0084341767510084,42.3,0.3567656765676567,0.0,52392500.0,0.0127352509226661,pool_filter|ev_below_threshold
202606040810,15,0.0084341767510084,55.8,0.4706270627062705,0.0,52392500.0,0.0117451774719192,pool_filter|ev_below_threshold
202606040811,2,0.237037037037037,3.6,0.8533333333333334,0.0,73729400.0,0.2402675749572557,pool_filter|ev_below_threshold
202606040811,8,0.1620915032679738,4.3,0.6969934640522876,0.0,73729400.0,0.2109147717761027,pool_filter|ev_below_threshold
202606040811,4,0.1299897645854657,6.1,0.7929375639713407,0.0,73729400.0,0.1311208232331093,pool_filter|ev_below_threshold
202606040811,3,0.084870848708487,8.4,0.7129151291512915,0.0,73729400.0,0.0882219707026915,pool_filter|ev_below_threshold
202606040811,12,0.084870848708487,8.6,0.7298892988929889,0.0,73729400.0,0.0793362890794478,pool_filter|ev_below_threshold
202606040811,10,0.0411764705882352,12.7,0.5229411764705882,0.0,73729400.0,0.0614734367931347,pool_filter|ev_below_threshold
202606040811,13,0.0411764705882352,14.0,0.5764705882352941,0.0,73729400.0,0.0480723016245252,pool_filter|ev_below_threshold
202606040811,1,0.0344049633389734,15.0,0.5160744500846024,0.0,73729400.0,0.0533224681147978,pool_filter|ev_below_threshold
202606040811,5,0.0237990304098721,38.4,0.913882767739092,0.0,73729400.0,0.0194939432847621,pool_filter|ev_below_threshold
202606040811,11,0.0237990304098721,29.2,0.694931687968268,0.0,73729400.0,0.0209969087214004,pool_filter|ev_below_threshold
202606040811,14,0.0237990304098721,29.3,0.6973115910092552,0.0,73729400.0,0.0234798440680683,pool_filter|ev_below_threshold
202606040811,6,0.0032715376226826,72.8,0.2381679389312977,0.0,73729400.0,0.0105257711781512,pool_filter|ev_below_threshold
202606040811,7,0.0032715376226826,124.5,0.4073064340239912,0.0,73729400.0,0.0048255199079718,pool_filter|ev_below_threshold
202606040811,9,0.0032715376226826,71.2,0.2329334787350054,0.0,73729400.0,0.0079483765585809,pool_filter|ev_below_threshold
202606040812,7,0.1620915032679738,4.4,0.713202614379085,0.0,57703000.0,0.1579204472440677,pool_filter|ev_below_threshold
202606040812,8,0.1620915032679738,4.5,0.7294117647058824,0.0,57703000.0,0.1701596995939869,pool_filter|ev_below_threshold
202606040812,10,0.15149136577708,5.4,0.8180533751962323,0.0,57703000.0,0.1377061797937201,pool_filter|ev_below_threshold
202606040812,1,0.084870848708487,8.1,0.6874538745387454,0.0,57703000.0,0.1026545460184541,pool_filter|ev_below_threshold
202606040812,6,0.084870848708487,10.9,0.9250922509225092,0.0,57703000.0,0.0707695810759948,pool_filter|ev_below_threshold
202606040812,13,0.084870848708487,10.2,0.8656826568265682,0.0,57703000.0,0.1044363728790931,pool_filter|ev_below_threshold
202606040812,11,0.0411764705882352,11.4,0.4694117647058823,0.0,57703000.0,0.0789865805624368,pool_filter|ev_below_threshold
202606040812,9,0.0344049633389734,20.3,0.6984207557811619,0.0,57703000.0,0.0412798487140044,pool_filter|ev_below_threshold
202606040812,12,0.0344049633389734,19.2,0.660575296108291,0.0,57703000.0,0.0411610899355385,pool_filter|ev_below_threshold
202606040812,14,0.0344049633389734,15.8,0.5435984207557812,0.0,57703000.0,0.0567606857700629,pool_filter|ev_below_threshold
202606040812,15,0.0154109589041095,42.6,0.6565068493150685,0.0,57703000.0,0.0176034911956671,pool_filter|ev_below_threshold
202606040812,3,0.0067415730337078,93.0,0.6269662921348315,0.0,57703000.0,0.0066128248309786,pool_filter|ev_below_threshold
202606040812,2,0.0018691588785046,182.0,0.3401869158878505,0.0,57703000.0,0.0034722993780909,pool_filter|ev_below_threshold
202606040812,4,0.0018691588785046,158.4,0.2960747663551402,0.0,57703000.0,0.0039622926328809,pool_filter|ev_below_threshold
202606040812,5,0.0018691588785046,182.2,0.3405607476635514,0.0,57703000.0,0.0034696036631933,pool_filter|ev_below_threshold
202606040812,16,0.0018691588785046,149.7,0.2798130841121495,0.0,57703000.0,0.0030444567118292,pool_filter|ev_below_threshold
202609040802,6,0.6082474226804123,1.4,0.8515463917525772,0.0,21010600.0,0.4930461345535823,pool_filter
202609040802,1,0.237037037037037,3.1,0.7348148148148148,0.0,21010600.0,0.3113438022313002,pool_filter
202609040802,2,0.084870848708487,8.5,0.7214022140221402,0.0,21010600.0,0.099573166727878,pool_filter
202609040802,3,0.0344049633389734,18.9,0.650253807106599,0.0,21010600.0,0.0366606395613683,pool_filter
202609040802,4,0.0344049633389734,23.2,0.798195149464185,0.0,21010600.0,0.0271086535498113,pool_filter
202609040802,5,0.0344049633389734,23.2,0.798195149464185,0.0,21010600.0,0.0277294135951554,pool_filter
202609040802,7,0.0032715376226826,125.3,0.4099236641221374,0.0,21010600.0,0.0045381897809044,pool_filter
202609040803,1,0.237037037037037,3.4,0.8059259259259259,0.0,22353400.0,0.2091656160908065,pool_filter|ev_below_threshold
202609040803,3,0.237037037037037,3.4,0.8059259259259259,0.0,22353400.0,0.2335257172661792,pool_filter|ev_below_threshold
202609040803,5,0.1620915032679738,4.6,0.7456209150326797,0.0,22353400.0,0.1787354261011828,pool_filter|ev_below_threshold
202609040803,2,0.084870848708487,10.7,0.9081180811808116,0.0,22353400.0,0.0807805124450481,pool_filter|ev_below_threshold
202609040803,4,0.084870848708487,10.0,0.8487084870848709,0.0,22353400.0,0.0857091700797403,pool_filter|ev_below_threshold
202609040803,10,0.084870848708487,9.6,0.814760147601476,0.0,22353400.0,0.0895407166139721,pool_filter|ev_below_threshold
202609040803,6,0.0344049633389734,22.1,0.7603496897913142,0.0,22353400.0,0.0471701570449688,pool_filter|ev_below_threshold
202609040803,9,0.0237990304098721,33.0,0.7853680035257823,0.0,22353400.0,0.0258061931411798,pool_filter|ev_below_threshold
202609040803,14,0.0154109589041095,43.8,0.6749999999999999,0.0,22353400.0,0.0177073522586315,pool_filter|ev_below_threshold
202609040803,11,0.0084341767510084,60.7,0.5119545287862118,0.0,22353400.0,0.0099558176470027,pool_filter|ev_below_threshold
202609040803,7,0.0067415730337078,83.6,0.5635955056179776,0.0,22353400.0,0.0070705305745547,pool_filter|ev_below_threshold
202609040803,15,0.0032715376226826,72.6,0.2375136314067611,0.0,22353400.0,0.0068425558775245,pool_filter|ev_below_threshold
202609040803,8,0.0018691588785046,197.3,0.368785046728972,0.0,22353400.0,0.0019995311165646,pool_filter|ev_below_threshold
202609040803,12,0.0018691588785046,162.8,0.3042990654205608,0.0,22353400.0,0.0039279661393803,pool_filter|ev_below_threshold
202609040803,13,0.0018691588785046,152.4,0.2848598130841122,0.0,22353400.0,0.0020627376032634,pool_filter|ev_below_threshold
202609040804,14,0.1620915032679738,4.5,0.7294117647058824,0.0,23739400.0,0.2415611230253693,pool_filter|ev_below_threshold
202609040804,7,0.15149136577708,6.0,0.9089481946624804,0.0,23739400.0,0.1528330061901084,pool_filter|ev_below_threshold
202609040804,10,0.15149136577708,5.8,0.8786499215070643,0.0,23739400.0,0.1213616396253762,pool_filter|ev_below_threshold
202609040804,13,0.1299897645854657,6.7,0.8709314227226203,0.0,23739400.0,0.1182554564766281,pool_filter|ev_below_threshold
202609040804,9,0.084870848708487,7.5,0.6365313653136532,0.0,23739400.0,0.0902041675599388,pool_filter|ev_below_threshold
202609040804,3,0.0411764705882352,12.2,0.5023529411764706,0.0,23739400.0,0.058071364776251,pool_filter|ev_below_threshold
202609040804,8,0.0411764705882352,13.2,0.5435294117647058,0.0,23739400.0,0.0590862190179403,pool_filter|ev_below_threshold
202609040804,2,0.0344049633389734,20.7,0.7121827411167513,0.0,23739400.0,0.0265300929872602,pool_filter|ev_below_threshold
202609040804,4,0.0344049633389734,17.1,0.5883248730964468,0.0,23739400.0,0.0410678486919012,pool_filter|ev_below_threshold
202609040804,6,0.0344049633389734,20.1,0.6915397631133673,0.0,23739400.0,0.0314863875048634,pool_filter|ev_below_threshold
202609040804,15,0.0237990304098721,36.3,0.8639048038783604,0.0,23739400.0,0.0179496591953026,pool_filter|ev_below_threshold
202609040804,1,0.0084341767510084,44.1,0.3719471947194718,0.0,23739400.0,0.0133717920732231,pool_filter|ev_below_threshold
202609040804,5,0.0084341767510084,62.1,0.5237623762376237,0.0,23739400.0,0.0079857324646877,pool_filter|ev_below_threshold
202609040804,11,0.0084341767510084,64.6,0.5448478181151447,0.0,23739400.0,0.0080451222710388,pool_filter|ev_below_threshold
202609040804,12,0.0084341767510084,50.8,0.4284561789512283,0.0,23739400.0,0.0121903881401103,pool_filter|ev_below_threshold
202609040805,10,0.3925925925925926,1.8,0.7066666666666667,0.0,29980500.0,0.5316452696930356,pool_filter|ev_below_threshold
202609040805,2,0.15149136577708,5.8,0.8786499215070643,0.0,29980500.0,0.155336528575788,pool_filter|ev_below_threshold
202609040805,8,0.084870848708487,10.9,0.9250922509225092,0.0,29980500.0,0.0463859686123444,pool_filter|ev_below_threshold
202609040805,5,0.0411764705882352,12.0,0.4941176470588235,0.0,29980500.0,0.0593796560147213,pool_filter|ev_below_threshold
202609040805,7,0.0411764705882352,14.8,0.6094117647058823,0.0,29980500.0,0.0498243842727893,pool_filter|ev_below_threshold
202609040805,11,0.0411764705882352,14.6,0.6011764705882353,0.0,29980500.0,0.0419851517067246,pool_filter|ev_below_threshold
202609040805,1,0.0344049633389734,23.8,0.8188381274675691,0.0,29980500.0,0.0218808973196303,pool_filter|ev_below_threshold
202609040805,6,0.0344049633389734,16.0,0.5504794134235759,0.0,29980500.0,0.0311036592607587,pool_filter|ev_below_threshold
202609040805,12,0.0344049633389734,20.7,0.7121827411167513,0.0,29980500.0,0.0267587736444186,pool_filter|ev_below_threshold
202609040805,14,0.0084341767510084,54.8,0.4621928859552621,0.0,29980500.0,0.0080816354795545,pool_filter|ev_below_threshold
202609040805,15,0.0084341767510084,49.0,0.4132746607994131,0.0,29980500.0,0.0126446100774533,pool_filter|ev_below_threshold
202609040805,3,0.0067415730337078,86.3,0.5817977528089887,0.0,29980500.0,0.0060999457900237,pool_filter|ev_below_threshold
202609040805,4,0.0032715376226826,133.0,0.4351145038167939,0.0,29980500.0,0.0037142194106253,pool_filter|ev_below_threshold
202609040805,9,0.0018691588785046,151.4,0.2829906542056075,0.0,29980500.0,0.0023714002059466,pool_filter|ev_below_threshold
202609040805,13,0.0018691588785046,138.7,0.2592523364485981,0.0,29980500.0,0.0027878999361853,pool_filter|ev_below_threshold
202609040806,13,0.237037037037037,3.9,0.9244444444444444,0.0,24041700.0,0.2163084952679455,pool_filter|ev_below_threshold
202609040806,8,0.1620915032679738,4.4,0.713202614379085,0.0,24041700.0,0.1608138689955491,pool_filter|ev_below_threshold
202609040806,11,0.1620915032679738,4.7,0.7618300653594772,0.0,24041700.0,0.1728577443552709,pool_filter|ev_below_threshold
202609040806,15,0.084870848708487,7.5,0.6365313653136532,0.0,24041700.0,0.132706313593194,pool_filter|ev_below_threshold
202609040806,2,0.0411764705882352,14.7,0.6052941176470588,0.0,24041700.0,0.0571356080062182,pool_filter|ev_below_threshold
202609040806,3,0.0411764705882352,14.1,0.5805882352941176,0.0,24041700.0,0.0479371189056677,pool_filter|ev_below_threshold
202609040806,4,0.0411764705882352,14.2,0.5847058823529412,0.0,24041700.0,0.0527103480408437,pool_filter|ev_below_threshold
202609040806,16,0.0411764705882352,14.8,0.6094117647058823,0.0,24041700.0,0.0557868011594677,pool_filter|ev_below_threshold
202609040806,9,0.0344049633389734,18.7,0.6433728144388042,0.0,24041700.0,0.0402256857272877,pool_filter|ev_below_threshold
202609040806,10,0.0237990304098721,37.6,0.8948435434111944,0.0,24041700.0,0.0188763610869648,pool_filter|ev_below_threshold
202609040806,12,0.0237990304098721,26.2,0.6235345967386514,0.0,24041700.0,0.0210557017177944,pool_filter|ev_below_threshold
202609040806,5,0.0032715376226826,107.2,0.3507088331515812,0.0,24041700.0,0.0067122392495515,pool_filter|ev_below_threshold
202609040806,14,0.0032715376226826,74.0,0.2420937840785169,0.0,24041700.0,0.0090151496516869,pool_filter|ev_below_threshold
202609040806,1,0.0018691588785046,177.5,0.3317757009345795,0.0,24041700.0,0.0034208204972736,pool_filter|ev_below_threshold
202609040806,6,0.0018691588785046,202.8,0.3790654205607477,0.0,24041700.0,0.0026274123291862,pool_filter|ev_below_threshold
202609040806,7,0.0018691588785046,239.5,0.4476635514018692,0.0,24041700.0,0.0018103314160973,pool_filter|ev_below_threshold
202609040807,5,0.3158953722334004,2.6,0.8213279678068411,0.0,29377800.0,0.2609036482469926,pool_filter|ev_below_threshold
202609040807,12,0.237037037037037,3.1,0.7348148148148148,0.0,29377800.0,0.2760927461799989,pool_filter|ev_below_threshold
202609040807,8,0.15149136577708,5.8,0.8786499215070643,0.0,29377800.0,0.1564535881943283,pool_filter|ev_below_threshold
202609040807,1,0.084870848708487,9.6,0.814760147601476,0.0,29377800.0,0.1083924015060957,pool_filter|ev_below_threshold
202609040807,4,0.0344049633389734,22.2,0.7637901861252115,0.0,29377800.0,0.0316747738211265,pool_filter|ev_below_threshold
202609040807,11,0.0344049633389734,18.7,0.6433728144388042,0.0,29377800.0,0.0338093963641444,pool_filter|ev_below_threshold
202609040807,2,0.0237990304098721,33.4,0.7948876156897311,0.0,29377800.0,0.0247246830958346,pool_filter|ev_below_threshold
202609040807,6,0.0237990304098721,28.4,0.6758924636403701,0.0,29377800.0,0.0266464672155852,pool_filter|ev_below_threshold
202609040807,7,0.0237990304098721,29.8,0.7092111062141913,0.0,29377800.0,0.0210594805851562,pool_filter|ev_below_threshold
202609040807,10,0.0237990304098721,33.4,0.7948876156897311,0.0,29377800.0,0.0169523487272137,pool_filter|ev_below_threshold
202609040807,3,0.0154109589041095,45.0,0.6934931506849314,0.0,29377800.0,0.0221131881490643,pool_filter|ev_below_threshold
202609040807,13,0.0154109589041095,54.3,0.8368150684931506,0.0,29377800.0,0.0165983651973803,pool_filter|ev_below_threshold
202609040807,9,0.0067415730337078,100.6,0.6782022471910112,0.0,29377800.0,0.0045789127170786,pool_filter|ev_below_threshold
202609040808,4,0.3925925925925926,1.8,0.7066666666666667,0.0,24093900.0,0.3985254208193439,pool_filter|ev_below_threshold
202609040808,6,0.237037037037037,3.6,0.8533333333333334,0.0,24093900.0,0.2648673187985443,pool_filter|ev_below_threshold
202609040808,2,0.084870848708487,7.7,0.6535055350553506,0.0,24093900.0,0.1225881240883452,pool_filter|ev_below_threshold
202609040808,8,0.0344049633389734,17.7,0.6089678510998308,0.0,24093900.0,0.0401153844455086,pool_filter|ev_below_threshold
202609040808,9,0.0344049633389734,17.8,0.6124083474337282,0.0,24093900.0,0.0450501824953409,pool_filter|ev_below_threshold
202609040808,10,0.0344049633389734,11.9,0.4094190637337845,0.0,24093900.0,0.0678146824809759,pool_filter|ev_below_threshold
202609040808,1,0.0237990304098721,31.3,0.7449096518289996,0.0,24093900.0,0.0183710554735141,pool_filter|ev_below_threshold
202609040808,3,0.0237990304098721,25.0,0.5949757602468048,0.0,24093900.0,0.0237469319041571,pool_filter|ev_below_threshold
202609040808,7,0.0084341767510084,49.4,0.4166483314998165,0.0,24093900.0,0.0121894040740858,pool_filter|ev_below_threshold
202609040808,5,0.0032715376226826,112.3,0.3673936750272628,0.0,24093900.0,0.0041490128995087,pool_filter|ev_below_threshold
202609040808,11,0.0018691588785046,130.0,0.2429906542056074,0.0,24093900.0,0.002582482520675,pool_filter|ev_below_threshold
202609040809,8,0.237037037037037,3.1,0.7348148148148148,0.0,28802700.0,0.2978662445120572,pool_filter|ev_below_threshold
202609040809,2,0.1925133689839572,4.1,0.7893048128342245,0.0,28802700.0,0.1859187765939566,pool_filter|ev_below_threshold
202609040809,1,0.1620915032679738,5.0,0.8104575163398693,0.0,28802700.0,0.1792689024018786,pool_filter|ev_below_threshold
202609040809,7,0.1299897645854657,6.7,0.8709314227226203,0.0,28802700.0,0.1180874129163365,pool_filter|ev_below_threshold
202609040809,3,0.084870848708487,7.0,0.5940959409594097,0.0,28802700.0,0.0854849214063668,pool_filter|ev_below_threshold
202609040809,6,0.084870848708487,8.5,0.7214022140221402,0.0,28802700.0,0.0845751717975143,pool_filter|ev_below_threshold
202609040809,4,0.0344049633389734,18.5,0.6364918217710096,0.0,28802700.0,0.034760301914606,pool_filter|ev_below_threshold
202609040809,5,0.0084341767510084,31.4,0.2648331499816647,0.0,28802700.0,0.0140382684572836,pool_filter|ev_below_threshold
202609040810,1,0.237037037037037,3.0,0.7111111111111111,0.0,40048600.0,0.2865794060320985,pool_filter|ev_below_threshold
202609040810,11,0.1620915032679738,4.4,0.713202614379085,0.0,40048600.0,0.2006652836600653,pool_filter|ev_below_threshold
202609040810,2,0.1299897645854657,6.4,0.8319344933469806,0.0,40048600.0,0.1427884304346267,pool_filter|ev_below_threshold
202609040810,5,0.084870848708487,8.5,0.7214022140221402,0.0,40048600.0,0.0914023827978867,pool_filter|ev_below_threshold
202609040810,8,0.084870848708487,7.9,0.670479704797048,0.0,40048600.0,0.1099672174660444,pool_filter|ev_below_threshold
202609040810,3,0.0344049633389734,19.9,0.6846587704455724,0.0,40048600.0,0.0320362339823255,pool_filter|ev_below_threshold
202609040810,7,0.0344049633389734,16.4,0.5642413987591652,0.0,40048600.0,0.0365462523348943,pool_filter|ev_below_threshold
202609040810,14,0.0344049633389734,16.0,0.5504794134235759,0.0,40048600.0,0.0405673319803538,pool_filter|ev_below_threshold
202609040810,4,0.0237990304098721,26.3,0.6259144997796386,0.0,40048600.0,0.0188535674572138,pool_filter|ev_below_threshold
202609040810,6,0.0084341767510084,68.3,0.5760542720938759,0.0,40048600.0,0.0061686146668573,pool_filter|ev_below_threshold
202609040810,9,0.0084341767510084,60.2,0.5077374404107077,0.0,40048600.0,0.0067143864593362,pool_filter|ev_below_threshold
202609040810,10,0.0084341767510084,47.7,0.4023102310231022,0.0,40048600.0,0.013586512501493,pool_filter|ev_below_threshold
202609040810,13,0.0084341767510084,48.3,0.4073707370737072,0.0,40048600.0,0.0089094867001972,pool_filter|ev_below_threshold
202609040810,12,0.0067415730337078,75.1,0.5062921348314606,0.0,40048600.0,0.0052148935266066,pool_filter|ev_below_threshold
202609040811,6,0.237037037037037,4.0,0.9481481481481482,0.0,150562800.0,0.2182823673764314,pool_filter|ev_below_threshold
202609040811,13,0.1925133689839572,4.2,0.8085561497326204,0.0,150562800.0,0.2215727754008112,pool_filter|ev_below_threshold
202609040811,10,0.1299897645854657,7.4,0.9619242579324464,0.0,150562800.0,0.1139134477038173,pool_filter|ev_below_threshold
202609040811,14,0.0797773654916512,11.5,0.9174397031539888,0.0,150562800.0,0.0659377545224495,pool_filter|ev_below_threshold
202609040811,8,0.0595238095238095,15.3,0.9107142857142856,0.0,150562800.0,0.0466925129144987,pool_filter|ev_below_threshold
202609040811,1,0.0411764705882352,15.1,0.6217647058823529,0.0,150562800.0,0.0378155599941837,pool_filter|ev_below_threshold
202609040811,3,0.0411764705882352,18.2,0.7494117647058823,0.0,150562800.0,0.0392064518420651,pool_filter|ev_below_threshold
202609040811,11,0.0411764705882352,15.0,0.6176470588235294,0.0,150562800.0,0.0573386786908812,pool_filter|ev_below_threshold
202609040811,12,0.0411764705882352,17.8,0.7329411764705882,0.0,150562800.0,0.0332357858287185,pool_filter|ev_below_threshold
202609040811,2,0.0344049633389734,24.9,0.8566835871404399,0.0,150562800.0,0.0328310249123586,pool_filter|ev_below_threshold
202609040811,5,0.0344049633389734,21.5,0.7397067117879301,0.0,150562800.0,0.0332441858714066,pool_filter|ev_below_threshold
202609040811,15,0.0344049633389734,20.8,0.7156232374506487,0.0,150562800.0,0.0368580418318684,pool_filter|ev_below_threshold
202609040811,9,0.0237990304098721,28.3,0.673512560599383,0.0,150562800.0,0.0274679514748873,pool_filter|ev_below_threshold
202609040811,16,0.0237990304098721,25.3,0.6021154693697665,0.0,150562800.0,0.0179178269377523,pool_filter|ev_below_threshold
202609040811,7,0.0084341767510084,59.7,0.5035203520352034,0.0,150562800.0,0.0104907064436278,pool_filter|ev_below_threshold
202609040811,4,0.0032715376226826,128.0,0.4187568157033806,0.0,150562800.0,0.0071949282542417,pool_filter|ev_below_threshold
202609040812,7,0.3158953722334004,2.7,0.8529175050301812,0.0,80226900.0,0.29603236504087904,pool_filter|ev_below_threshold
202609040812,6,0.16209150326797386,4.3,0.6969934640522876,0.0,80226900.0,0.14026080900035834,pool_filter|ev_below_threshold
202609040812,2,0.1299897645854657,6.4,0.8319344933469806,0.0,80226900.0,0.12488865400162082,pool_filter|ev_below_threshold
202609040812,8,0.08487084870848709,9.2,0.7808118081180812,0.0,80226900.0,0.11930277632795146,pool_filter|ev_below_threshold
202609040812,11,0.041176470588235294,14.5,0.5970588235294118,0.0,80226900.0,0.05779701111249704,pool_filter|ev_below_threshold
202609040812,14,0.041176470588235294,12.4,0.5105882352941177,0.0,80226900.0,0.06063444473591832,pool_filter|ev_below_threshold
202609040812,1,0.03440496333897349,20.2,0.6949802594472645,0.0,80226900.0,0.03616976822734071,pool_filter|ev_below_threshold
202609040812,10,0.03440496333897349,20.0,0.6880992667794699,0.0,80226900.0,0.043198263760356306,pool_filter|ev_below_threshold
202609040812,16,0.03440496333897349,21.3,0.7328257191201354,0.0,80226900.0,0.04729364184930721,pool_filter|ev_below_threshold
202609040812,4,0.02379903040987219,29.7,0.706831203173204,0.0,80226900.0,0.03264068061881124,pool_filter|ev_below_threshold
202609040812,13,0.015410958904109588,43.3,0.6672945205479451,0.0,80226900.0,0.019746797433844655,pool_filter|ev_below_threshold
202609040812,9,0.006741573033707865,90.8,0.6121348314606742,0.0,80226900.0,0.005471162355953806,pool_filter|ev_below_threshold
202609040812,3,0.003271537622682661,123.0,0.40239912758996726,0.0,80226900.0,0.005880488150809225,pool_filter|ev_below_threshold
202609040812,5,0.003271537622682661,131.4,0.42988004362050164,0.0,80226900.0,0.0050761573835533084,pool_filter|ev_below_threshold
202609040812,12,0.001869158878504673,125.1,0.23383177570093458,0.0,80226900.0,0.003090748891956651,pool_filter|ev_below_threshold
202609040812,15,0.001869158878504673,270.5,0.5056074766355141,0.0,80226900.0,0.0025162311088418533,pool_filter|ev_below_threshold
