race_id,data_kubun,made_date,keibajo_code,race_num,happyo_datetime,toroku_tosu,syusso_tosu,hatsubai_flag,hyosu_total,umaban,odds_win,ninkijun,rt_key,acquired_at,venue_code,race_number,post_datetime,snapshot_label,target_datetime
202609040601,1,2026-09-20,9,1,2026-09-20 09:39:00,12,12,7,144051,1,4.8,2,202609200901,2026-09-20T09:44:02,9,1,2026-09-20T09:45:00,1m,2026-09-20T09:44:00
202609040601,1,2026-09-20,9,1,2026-09-20 09:39:00,12,12,7,144051,2,8.4,5,202609200901,2026-09-20T09:44:02,9,1,2026-09-20T09:45:00,1m,2026-09-20T09:44:00
202609040601,1,2026-09-20,9,1,2026-09-20 09:39:00,12,12,7,144051,3,105.4,12,202609200901,2026-09-20T09:44:02,9,1,2026-09-20T09:45:00,1m,2026-09-20T09:44:00
202609040601,1,2026-09-20,9,1,2026-09-20 09:39:00,12,12,7,144051,4,27.4,7,202609200901,2026-09-20T09:44:02,9,1,2026-09-20T09:45:00,1m,2026-09-20T09:44:00
202609040601,1,2026-09-20,9,1,2026-09-20 09:39:00,12,12,7,144051,5,29.3,8,202609200901,2026-09-20T09:44:02,9,1,2026-09-20T09:45:00,1m,2026-09-20T09:44:00
202609040601,1,2026-09-20,9,1,2026-09-20 09:39:00,12,12,7,144051,6,78.7,11,202609200901,2026-09-20T09:44:02,9,1,2026-09-20T09:45:00,1m,2026-09-20T09:44:00
202609040601,1,2026-09-20,9,1,2026-09-20 09:39:00,12,12,7,144051,7,30.7,9,202609200901,2026-09-20T09:44:02,9,1,2026-09-20T09:45:00,1m,2026-09-20T09:44:00
202609040601,1,2026-09-20,9,1,2026-09-20 09:39:00,12,12,7,144051,8,5.9,4,202609200901,2026-09-20T09:44:02,9,1,2026-09-20T09:45:00,1m,2026-09-20T09:44:00
202609040601,1,2026-09-20,9,1,2026-09-20 09:39:00,12,12,7,144051,9,2.7,1,202609200901,2026-09-20T09:44:02,9,1,2026-09-20T09:45:00,1m,2026-09-20T09:44:00
202609040601,1,2026-09-20,9,1,2026-09-20 09:39:00,12,12,7,144051,10,15.3,6,202609200901,2026-09-20T09:44:02,9,1,2026-09-20T09:45:00,1m,2026-09-20T09:44:00
202609040601,1,2026-09-20,9,1,2026-09-20 09:39:00,12,12,7,144051,11,48.7,10,202609200901,2026-09-20T09:44:02,9,1,2026-09-20T09:45:00,1m,2026-09-20T09:44:00
202609040601,1,2026-09-20,9,1,2026-09-20 09:39:00,12,12,7,144051,12,5.5,3,202609200901,2026-09-20T09:44:02,9,1,2026-09-20T09:45:00,1m,2026-09-20T09:44:00
202606040601,1,2026-09-20,6,1,2026-09-20 09:54:00,15,15,7,338655,1,24.1,6,202609200601,2026-09-20T09:59:02,6,1,2026-09-20T10:00:00,1m,2026-09-20T09:59:00
202606040601,1,2026-09-20,6,1,2026-09-20 09:54:00,15,15,7,338655,2,30.7,9,202609200601,2026-09-20T09:59:02,6,1,2026-09-20T10:00:00,1m,2026-09-20T09:59:00
202606040601,1,2026-09-20,6,1,2026-09-20 09:54:00,15,15,7,338655,3,110.3,13,202609200601,2026-09-20T09:59:02,6,1,2026-09-20T10:00:00,1m,2026-09-20T09:59:00
202606040601,1,2026-09-20,6,1,2026-09-20 09:54:00,15,15,7,338655,4,6.4,2,202609200601,2026-09-20T09:59:02,6,1,2026-09-20T10:00:00,1m,2026-09-20T09:59:00
202606040601,1,2026-09-20,6,1,2026-09-20 09:54:00,15,15,7,338655,5,90.6,12,202609200601,2026-09-20T09:59:02,6,1,2026-09-20T10:00:00,1m,2026-09-20T09:59:00
202606040601,1,2026-09-20,6,1,2026-09-20 09:54:00,15,15,7,338655,6,17.0,5,202609200601,2026-09-20T09:59:02,6,1,2026-09-20T10:00:00,1m,2026-09-20T09:59:00
202606040601,1,2026-09-20,6,1,2026-09-20 09:54:00,15,15,7,338655,7,71.9,11,202609200601,2026-09-20T09:59:02,6,1,2026-09-20T10:00:00,1m,2026-09-20T09:59:00
202606040601,1,2026-09-20,6,1,2026-09-20 09:54:00,15,15,7,338655,8,1.4,1,202609200601,2026-09-20T09:59:02,6,1,2026-09-20T10:00:00,1m,2026-09-20T09:59:00
202606040601,1,2026-09-20,6,1,2026-09-20 09:54:00,15,15,7,338655,9,14.7,3,202609200601,2026-09-20T09:59:02,6,1,2026-09-20T10:00:00,1m,2026-09-20T09:59:00
202606040601,1,2026-09-20,6,1,2026-09-20 09:54:00,15,15,7,338655,10,25.7,7,202609200601,2026-09-20T09:59:02,6,1,2026-09-20T10:00:00,1m,2026-09-20T09:59:00
202606040601,1,2026-09-20,6,1,2026-09-20 09:54:00,15,15,7,338655,11,141.3,15,202609200601,2026-09-20T09:59:02,6,1,2026-09-20T10:00:00,1m,2026-09-20T09:59:00
202606040601,1,2026-09-20,6,1,2026-09-20 09:54:00,15,15,7,338655,12,39.8,10,202609200601,2026-09-20T09:59:02,6,1,2026-09-20T10:00:00,1m,2026-09-20T09:59:00
202606040601,1,2026-09-20,6,1,2026-09-20 09:54:00,15,15,7,338655,13,122.5,14,202609200601,2026-09-20T09:59:02,6,1,2026-09-20T10:00:00,1m,2026-09-20T09:59:00
202606040601,1,2026-09-20,6,1,2026-09-20 09:54:00,15,15,7,338655,14,26.9,8,202609200601,2026-09-20T09:59:02,6,1,2026-09-20T10:00:00,1m,2026-09-20T09:59:00
202606040601,1,2026-09-20,6,1,2026-09-20 09:54:00,15,15,7,338655,15,16.9,4,202609200601,2026-09-20T09:59:02,6,1,2026-09-20T10:00:00,1m,2026-09-20T09:59:00
202609040602,1,2026-09-20,9,2,2026-09-20 10:14:00,13,13,7,279282,1,8.8,5,202609200902,2026-09-20T10:19:02,9,2,2026-09-20T10:20:00,1m,2026-09-20T10:19:00
202609040602,1,2026-09-20,9,2,2026-09-20 10:14:00,13,13,7,279282,2,3.7,2,202609200902,2026-09-20T10:19:02,9,2,2026-09-20T10:20:00,1m,2026-09-20T10:19:00
202609040602,1,2026-09-20,9,2,2026-09-20 10:14:00,13,13,7,279282,3,21.2,7,202609200902,2026-09-20T10:19:02,9,2,2026-09-20T10:20:00,1m,2026-09-20T10:19:00
202609040602,1,2026-09-20,9,2,2026-09-20 10:14:00,13,13,7,279282,4,44.6,10,202609200902,2026-09-20T10:19:02,9,2,2026-09-20T10:20:00,1m,2026-09-20T10:19:00
202609040602,1,2026-09-20,9,2,2026-09-20 10:14:00,13,13,7,279282,5,64.5,11,202609200902,2026-09-20T10:19:02,9,2,2026-09-20T10:20:00,1m,2026-09-20T10:19:00
202609040602,1,2026-09-20,9,2,2026-09-20 10:14:00,13,13,7,279282,6,21.4,8,202609200902,2026-09-20T10:19:02,9,2,2026-09-20T10:20:00,1m,2026-09-20T10:19:00
202609040602,1,2026-09-20,9,2,2026-09-20 10:14:00,13,13,7,279282,7,3.0,1,202609200902,2026-09-20T10:19:02,9,2,2026-09-20T10:20:00,1m,2026-09-20T10:19:00
202609040602,1,2026-09-20,9,2,2026-09-20 10:14:00,13,13,7,279282,8,6.0,3,202609200902,2026-09-20T10:19:02,9,2,2026-09-20T10:20:00,1m,2026-09-20T10:19:00
202609040602,1,2026-09-20,9,2,2026-09-20 10:14:00,13,13,7,279282,9,34.9,9,202609200902,2026-09-20T10:19:02,9,2,2026-09-20T10:20:00,1m,2026-09-20T10:19:00
202609040602,1,2026-09-20,9,2,2026-09-20 10:14:00,13,13,7,279282,10,6.8,4,202609200902,2026-09-20T10:19:02,9,2,2026-09-20T10:20:00,1m,2026-09-20T10:19:00
202609040602,1,2026-09-20,9,2,2026-09-20 10:14:00,13,13,7,279282,11,19.4,6,202609200902,2026-09-20T10:19:02,9,2,2026-09-20T10:20:00,1m,2026-09-20T10:19:00
202609040602,1,2026-09-20,9,2,2026-09-20 10:14:00,13,13,7,279282,12,68.1,12,202609200902,2026-09-20T10:19:02,9,2,2026-09-20T10:20:00,1m,2026-09-20T10:19:00
202609040602,1,2026-09-20,9,2,2026-09-20 10:14:00,13,13,7,279282,13,143.0,13,202609200902,2026-09-20T10:19:02,9,2,2026-09-20T10:20:00,1m,2026-09-20T10:19:00
202606040602,1,2026-09-20,6,2,2026-09-20 10:29:00,14,14,7,221734,1,21.4,7,202609200602,2026-09-20T10:34:02,6,2,2026-09-20T10:35:00,1m,2026-09-20T10:34:00
202606040602,1,2026-09-20,6,2,2026-09-20 10:29:00,14,14,7,221734,2,15.2,5,202609200602,2026-09-20T10:34:02,6,2,2026-09-20T10:35:00,1m,2026-09-20T10:34:00
202606040602,1,2026-09-20,6,2,2026-09-20 10:29:00,14,14,7,221734,3,4.7,2,202609200602,2026-09-20T10:34:02,6,2,2026-09-20T10:35:00,1m,2026-09-20T10:34:00
202606040602,1,2026-09-20,6,2,2026-09-20 10:29:00,14,14,7,221734,4,9.5,4,202609200602,2026-09-20T10:34:02,6,2,2026-09-20T10:35:00,1m,2026-09-20T10:34:00
202606040602,1,2026-09-20,6,2,2026-09-20 10:29:00,14,14,7,221734,5,28.1,8,202609200602,2026-09-20T10:34:02,6,2,2026-09-20T10:35:00,1m,2026-09-20T10:34:00
202606040602,1,2026-09-20,6,2,2026-09-20 10:29:00,14,14,7,221734,6,108.7,13,202609200602,2026-09-20T10:34:02,6,2,2026-09-20T10:35:00,1m,2026-09-20T10:34:00
202606040602,1,2026-09-20,6,2,2026-09-20 10:29:00,14,14,7,221734,7,44.4,10,202609200602,2026-09-20T10:34:02,6,2,2026-09-20T10:35:00,1m,2026-09-20T10:34:00
202606040602,1,2026-09-20,6,2,2026-09-20 10:29:00,14,14,7,221734,8,16.1,6,202609200602,2026-09-20T10:34:02,6,2,2026-09-20T10:35:00,1m,2026-09-20T10:34:00
202606040602,1,2026-09-20,6,2,2026-09-20 10:29:00,14,14,7,221734,9,74.0,12,202609200602,2026-09-20T10:34:02,6,2,2026-09-20T10:35:00,1m,2026-09-20T10:34:00
202606040602,1,2026-09-20,6,2,2026-09-20 10:29:00,14,14,7,221734,10,64.9,11,202609200602,2026-09-20T10:34:02,6,2,2026-09-20T10:35:00,1m,2026-09-20T10:34:00
202606040602,1,2026-09-20,6,2,2026-09-20 10:29:00,14,14,7,221734,11,2.3,1,202609200602,2026-09-20T10:34:02,6,2,2026-09-20T10:35:00,1m,2026-09-20T10:34:00
202606040602,1,2026-09-20,6,2,2026-09-20 10:29:00,14,14,7,221734,12,4.8,3,202609200602,2026-09-20T10:34:02,6,2,2026-09-20T10:35:00,1m,2026-09-20T10:34:00
202606040602,1,2026-09-20,6,2,2026-09-20 10:29:00,14,14,7,221734,13,41.2,9,202609200602,2026-09-20T10:34:02,6,2,2026-09-20T10:35:00,1m,2026-09-20T10:34:00
202606040602,1,2026-09-20,6,2,2026-09-20 10:29:00,14,14,7,221734,14,128.0,14,202609200602,2026-09-20T10:34:02,6,2,2026-09-20T10:35:00,1m,2026-09-20T10:34:00
202609040603,1,2026-09-20,9,3,2026-09-20 10:44:00,7,7,7,475458,1,87.6,7,202609200903,2026-09-20T10:49:02,9,3,2026-09-20T10:50:00,1m,2026-09-20T10:49:00
202609040603,1,2026-09-20,9,3,2026-09-20 10:44:00,7,7,7,475458,2,34.7,5,202609200903,2026-09-20T10:49:02,9,3,2026-09-20T10:50:00,1m,2026-09-20T10:49:00
202609040603,1,2026-09-20,9,3,2026-09-20 10:44:00,7,7,7,475458,3,8.2,2,202609200903,2026-09-20T10:49:02,9,3,2026-09-20T10:50:00,1m,2026-09-20T10:49:00
202609040603,1,2026-09-20,9,3,2026-09-20 10:44:00,7,7,7,475458,4,54.8,6,202609200903,2026-09-20T10:49:02,9,3,2026-09-20T10:50:00,1m,2026-09-20T10:49:00
202609040603,1,2026-09-20,9,3,2026-09-20 10:44:00,7,7,7,475458,5,19.8,3,202609200903,2026-09-20T10:49:02,9,3,2026-09-20T10:50:00,1m,2026-09-20T10:49:00
202609040603,1,2026-09-20,9,3,2026-09-20 10:44:00,7,7,7,475458,6,33.3,4,202609200903,2026-09-20T10:49:02,9,3,2026-09-20T10:50:00,1m,2026-09-20T10:49:00
202609040603,1,2026-09-20,9,3,2026-09-20 10:44:00,7,7,7,475458,7,1.1,1,202609200903,2026-09-20T10:49:02,9,3,2026-09-20T10:50:00,1m,2026-09-20T10:49:00
202606040603,1,2026-09-20,6,3,2026-09-20 10:59:00,13,13,7,297632,1,93.9,12,202609200603,2026-09-20T11:04:02,6,3,2026-09-20T11:05:00,1m,2026-09-20T11:04:00
202606040603,1,2026-09-20,6,3,2026-09-20 10:59:00,13,13,7,297632,2,17.9,5,202609200603,2026-09-20T11:04:02,6,3,2026-09-20T11:05:00,1m,2026-09-20T11:04:00
202606040603,1,2026-09-20,6,3,2026-09-20 10:59:00,13,13,7,297632,3,7.6,3,202609200603,2026-09-20T11:04:02,6,3,2026-09-20T11:05:00,1m,2026-09-20T11:04:00
202606040603,1,2026-09-20,6,3,2026-09-20 10:59:00,13,13,7,297632,4,82.3,11,202609200603,2026-09-20T11:04:02,6,3,2026-09-20T11:05:00,1m,2026-09-20T11:04:00
202606040603,1,2026-09-20,6,3,2026-09-20 10:59:00,13,13,7,297632,5,31.4,9,202609200603,2026-09-20T11:04:02,6,3,2026-09-20T11:05:00,1m,2026-09-20T11:04:00
202606040603,1,2026-09-20,6,3,2026-09-20 10:59:00,13,13,7,297632,6,7.0,2,202609200603,2026-09-20T11:04:02,6,3,2026-09-20T11:05:00,1m,2026-09-20T11:04:00
202606040603,1,2026-09-20,6,3,2026-09-20 10:59:00,13,13,7,297632,7,18.3,6,202609200603,2026-09-20T11:04:02,6,3,2026-09-20T11:05:00,1m,2026-09-20T11:04:00
202606040603,1,2026-09-20,6,3,2026-09-20 10:59:00,13,13,7,297632,8,71.6,10,202609200603,2026-09-20T11:04:02,6,3,2026-09-20T11:05:00,1m,2026-09-20T11:04:00
202606040603,1,2026-09-20,6,3,2026-09-20 10:59:00,13,13,7,297632,9,29.3,8,202609200603,2026-09-20T11:04:02,6,3,2026-09-20T11:05:00,1m,2026-09-20T11:04:00
202606040603,1,2026-09-20,6,3,2026-09-20 10:59:00,13,13,7,297632,10,9.4,4,202609200603,2026-09-20T11:04:02,6,3,2026-09-20T11:05:00,1m,2026-09-20T11:04:00
202606040603,1,2026-09-20,6,3,2026-09-20 10:59:00,13,13,7,297632,11,141.8,13,202609200603,2026-09-20T11:04:02,6,3,2026-09-20T11:05:00,1m,2026-09-20T11:04:00
202606040603,1,2026-09-20,6,3,2026-09-20 10:59:00,13,13,7,297632,12,21.0,7,202609200603,2026-09-20T11:04:02,6,3,2026-09-20T11:05:00,1m,2026-09-20T11:04:00
202606040603,1,2026-09-20,6,3,2026-09-20 10:59:00,13,13,7,297632,13,1.6,1,202609200603,2026-09-20T11:04:02,6,3,2026-09-20T11:05:00,1m,2026-09-20T11:04:00
202609040604,1,2026-09-20,9,4,2026-09-20 11:14:00,15,15,7,254667,1,20.5,8,202609200904,2026-09-20T11:19:02,9,4,2026-09-20T11:20:00,1m,2026-09-20T11:19:00
202609040604,1,2026-09-20,9,4,2026-09-20 11:14:00,15,15,7,254667,2,74.1,12,202609200904,2026-09-20T11:19:02,9,4,2026-09-20T11:20:00,1m,2026-09-20T11:19:00
202609040604,1,2026-09-20,9,4,2026-09-20 11:14:00,15,15,7,254667,3,6.5,2,202609200904,2026-09-20T11:19:02,9,4,2026-09-20T11:20:00,1m,2026-09-20T11:19:00
202609040604,1,2026-09-20,9,4,2026-09-20 11:14:00,15,15,7,254667,4,131.3,15,202609200904,2026-09-20T11:19:02,9,4,2026-09-20T11:20:00,1m,2026-09-20T11:19:00
202609040604,1,2026-09-20,9,4,2026-09-20 11:14:00,15,15,7,254667,5,17.0,5,202609200904,2026-09-20T11:19:02,9,4,2026-09-20T11:20:00,1m,2026-09-20T11:19:00
202609040604,1,2026-09-20,9,4,2026-09-20 11:14:00,15,15,7,254667,6,46.3,10,202609200904,2026-09-20T11:19:02,9,4,2026-09-20T11:20:00,1m,2026-09-20T11:19:00
202609040604,1,2026-09-20,9,4,2026-09-20 11:14:00,15,15,7,254667,7,106.5,13,202609200904,2026-09-20T11:19:02,9,4,2026-09-20T11:20:00,1m,2026-09-20T11:19:00
202609040604,1,2026-09-20,9,4,2026-09-20 11:14:00,15,15,7,254667,8,7.8,3,202609200904,2026-09-20T11:19:02,9,4,2026-09-20T11:20:00,1m,2026-09-20T11:19:00
202609040604,1,2026-09-20,9,4,2026-09-20 11:14:00,15,15,7,254667,9,18.7,7,202609200904,2026-09-20T11:19:02,9,4,2026-09-20T11:20:00,1m,2026-09-20T11:19:00
202609040604,1,2026-09-20,9,4,2026-09-20 11:14:00,15,15,7,254667,10,1.9,1,202609200904,2026-09-20T11:19:02,9,4,2026-09-20T11:20:00,1m,2026-09-20T11:19:00
202609040604,1,2026-09-20,9,4,2026-09-20 11:14:00,15,15,7,254667,11,130.6,14,202609200904,2026-09-20T11:19:02,9,4,2026-09-20T11:20:00,1m,2026-09-20T11:19:00
202609040604,1,2026-09-20,9,4,2026-09-20 11:14:00,15,15,7,254667,12,17.7,6,202609200904,2026-09-20T11:19:02,9,4,2026-09-20T11:20:00,1m,2026-09-20T11:19:00
202609040604,1,2026-09-20,9,4,2026-09-20 11:14:00,15,15,7,254667,13,8.2,4,202609200904,2026-09-20T11:19:02,9,4,2026-09-20T11:20:00,1m,2026-09-20T11:19:00
202609040604,1,2026-09-20,9,4,2026-09-20 11:14:00,15,15,7,254667,14,55.6,11,202609200904,2026-09-20T11:19:02,9,4,2026-09-20T11:20:00,1m,2026-09-20T11:19:00
202609040604,1,2026-09-20,9,4,2026-09-20 11:14:00,15,15,7,254667,15,31.5,9,202609200904,2026-09-20T11:19:02,9,4,2026-09-20T11:20:00,1m,2026-09-20T11:19:00
202606040604,1,2026-09-20,6,4,2026-09-20 11:29:00,16,16,7,290537,1,24.8,10,202609200604,2026-09-20T11:34:02,6,4,2026-09-20T11:35:00,1m,2026-09-20T11:34:00
202606040604,1,2026-09-20,6,4,2026-09-20 11:29:00,16,16,7,290537,2,13.0,8,202609200604,2026-09-20T11:34:02,6,4,2026-09-20T11:35:00,1m,2026-09-20T11:34:00
202606040604,1,2026-09-20,6,4,2026-09-20 11:29:00,16,16,7,290537,3,9.5,4,202609200604,2026-09-20T11:34:02,6,4,2026-09-20T11:35:00,1m,2026-09-20T11:34:00
202606040604,1,2026-09-20,6,4,2026-09-20 11:29:00,16,16,7,290537,4,22.7,9,202609200604,2026-09-20T11:34:02,6,4,2026-09-20T11:35:00,1m,2026-09-20T11:34:00
202606040604,1,2026-09-20,6,4,2026-09-20 11:29:00,16,16,7,290537,5,34.0,12,202609200604,2026-09-20T11:34:02,6,4,2026-09-20T11:35:00,1m,2026-09-20T11:34:00
202606040604,1,2026-09-20,6,4,2026-09-20 11:29:00,16,16,7,290537,6,148.6,16,202609200604,2026-09-20T11:34:02,6,4,2026-09-20T11:35:00,1m,2026-09-20T11:34:00
202606040604,1,2026-09-20,6,4,2026-09-20 11:29:00,16,16,7,290537,7,25.9,11,202609200604,2026-09-20T11:34:02,6,4,2026-09-20T11:35:00,1m,2026-09-20T11:34:00
202606040604,1,2026-09-20,6,4,2026-09-20 11:29:00,16,16,7,290537,8,121.6,15,202609200604,2026-09-20T11:34:02,6,4,2026-09-20T11:35:00,1m,2026-09-20T11:34:00
202606040604,1,2026-09-20,6,4,2026-09-20 11:29:00,16,16,7,290537,9,6.2,3,202609200604,2026-09-20T11:34:02,6,4,2026-09-20T11:35:00,1m,2026-09-20T11:34:00
202606040604,1,2026-09-20,6,4,2026-09-20 11:29:00,16,16,7,290537,10,3.6,1,202609200604,2026-09-20T11:34:02,6,4,2026-09-20T11:35:00,1m,2026-09-20T11:34:00
202606040604,1,2026-09-20,6,4,2026-09-20 11:29:00,16,16,7,290537,11,11.1,5,202609200604,2026-09-20T11:34:02,6,4,2026-09-20T11:35:00,1m,2026-09-20T11:34:00
202606040604,1,2026-09-20,6,4,2026-09-20 11:29:00,16,16,7,290537,12,11.7,6,202609200604,2026-09-20T11:34:02,6,4,2026-09-20T11:35:00,1m,2026-09-20T11:34:00
202606040604,1,2026-09-20,6,4,2026-09-20 11:29:00,16,16,7,290537,13,11.9,7,202609200604,2026-09-20T11:34:02,6,4,2026-09-20T11:35:00,1m,2026-09-20T11:34:00
202606040604,1,2026-09-20,6,4,2026-09-20 11:29:00,16,16,7,290537,14,86.8,14,202609200604,2026-09-20T11:34:02,6,4,2026-09-20T11:35:00,1m,2026-09-20T11:34:00
202606040604,1,2026-09-20,6,4,2026-09-20 11:29:00,16,16,7,290537,15,5.8,2,202609200604,2026-09-20T11:34:02,6,4,2026-09-20T11:35:00,1m,2026-09-20T11:34:00
202606040604,1,2026-09-20,6,4,2026-09-20 11:29:00,16,16,7,290537,16,38.0,13,202609200604,2026-09-20T11:34:02,6,4,2026-09-20T11:35:00,1m,2026-09-20T11:34:00
202609040605,1,2026-09-20,9,5,2026-09-20 12:04:00,14,14,7,280436,1,64.1,13,202609200905,2026-09-20T12:09:02,9,5,2026-09-20T12:10:00,1m,2026-09-20T12:09:00
202609040605,1,2026-09-20,9,5,2026-09-20 12:04:00,14,14,7,280436,2,21.7,5,202609200905,2026-09-20T12:09:02,9,5,2026-09-20T12:10:00,1m,2026-09-20T12:09:00
202609040605,1,2026-09-20,9,5,2026-09-20 12:04:00,14,14,7,280436,3,23.4,7,202609200905,2026-09-20T12:09:02,9,5,2026-09-20T12:10:00,1m,2026-09-20T12:09:00
202609040605,1,2026-09-20,9,5,2026-09-20 12:04:00,14,14,7,280436,4,29.4,9,202609200905,2026-09-20T12:09:02,9,5,2026-09-20T12:10:00,1m,2026-09-20T12:09:00
202609040605,1,2026-09-20,9,5,2026-09-20 12:04:00,14,14,7,280436,5,2.7,1,202609200905,2026-09-20T12:09:02,9,5,2026-09-20T12:10:00,1m,2026-09-20T12:09:00
202609040605,1,2026-09-20,9,5,2026-09-20 12:04:00,14,14,7,280436,6,32.9,10,202609200905,2026-09-20T12:09:02,9,5,2026-09-20T12:10:00,1m,2026-09-20T12:09:00
202609040605,1,2026-09-20,9,5,2026-09-20 12:04:00,14,14,7,280436,7,50.0,12,202609200905,2026-09-20T12:09:02,9,5,2026-09-20T12:10:00,1m,2026-09-20T12:09:00
202609040605,1,2026-09-20,9,5,2026-09-20 12:04:00,14,14,7,280436,8,35.0,11,202609200905,2026-09-20T12:09:02,9,5,2026-09-20T12:10:00,1m,2026-09-20T12:09:00
202609040605,1,2026-09-20,9,5,2026-09-20 12:04:00,14,14,7,280436,9,23.2,6,202609200905,2026-09-20T12:09:02,9,5,2026-09-20T12:10:00,1m,2026-09-20T12:09:00
202609040605,1,2026-09-20,9,5,2026-09-20 12:04:00,14,14,7,280436,10,3.0,2,202609200905,2026-09-20T12:09:02,9,5,2026-09-20T12:10:00,1m,2026-09-20T12:09:00
202609040605,1,2026-09-20,9,5,2026-09-20 12:04:00,14,14,7,280436,11,7.4,3,202609200905,2026-09-20T12:09:02,9,5,2026-09-20T12:10:00,1m,2026-09-20T12:09:00
202609040605,1,2026-09-20,9,5,2026-09-20 12:04:00,14,14,7,280436,12,25.3,8,202609200905,2026-09-20T12:09:02,9,5,2026-09-20T12:10:00,1m,2026-09-20T12:09:00
202609040605,1,2026-09-20,9,5,2026-09-20 12:04:00,14,14,7,280436,13,8.9,4,202609200905,2026-09-20T12:09:02,9,5,2026-09-20T12:10:00,1m,2026-09-20T12:09:00
202609040605,1,2026-09-20,9,5,2026-09-20 12:04:00,14,14,7,280436,14,139.7,14,202609200905,2026-09-20T12:09:02,9,5,2026-09-20T12:10:00,1m,2026-09-20T12:09:00
202606040605,1,2026-09-20,6,5,2026-09-20 12:19:00,16,16,7,304503,1,67.8,12,202609200605,2026-09-20T12:24:02,6,5,2026-09-20T12:25:00,1m,2026-09-20T12:24:00
202606040605,1,2026-09-20,6,5,2026-09-20 12:19:00,16,16,7,304503,2,29.2,7,202609200605,2026-09-20T12:24:02,6,5,2026-09-20T12:25:00,1m,2026-09-20T12:24:00
202606040605,1,2026-09-20,6,5,2026-09-20 12:19:00,16,16,7,304503,3,139.3,16,202609200605,2026-09-20T12:24:02,6,5,2026-09-20T12:25:00,1m,2026-09-20T12:24:00
202606040605,1,2026-09-20,6,5,2026-09-20 12:19:00,16,16,7,304503,4,11.7,5,202609200605,2026-09-20T12:24:02,6,5,2026-09-20T12:25:00,1m,2026-09-20T12:24:00
202606040605,1,2026-09-20,6,5,2026-09-20 12:19:00,16,16,7,304503,5,27.2,6,202609200605,2026-09-20T12:24:02,6,5,2026-09-20T12:25:00,1m,2026-09-20T12:24:00
202606040605,1,2026-09-20,6,5,2026-09-20 12:19:00,16,16,7,304503,6,4.0,2,202609200605,2026-09-20T12:24:02,6,5,2026-09-20T12:25:00,1m,2026-09-20T12:24:00
202606040605,1,2026-09-20,6,5,2026-09-20 12:19:00,16,16,7,304503,7,43.7,10,202609200605,2026-09-20T12:24:02,6,5,2026-09-20T12:25:00,1m,2026-09-20T12:24:00
202606040605,1,2026-09-20,6,5,2026-09-20 12:19:00,16,16,7,304503,8,79.7,15,202609200605,2026-09-20T12:24:02,6,5,2026-09-20T12:25:00,1m,2026-09-20T12:24:00
202606040605,1,2026-09-20,6,5,2026-09-20 12:19:00,16,16,7,304503,9,10.5,4,202609200605,2026-09-20T12:24:02,6,5,2026-09-20T12:25:00,1m,2026-09-20T12:24:00
202606040605,1,2026-09-20,6,5,2026-09-20 12:19:00,16,16,7,304503,10,32.4,8,202609200605,2026-09-20T12:24:02,6,5,2026-09-20T12:25:00,1m,2026-09-20T12:24:00
202606040605,1,2026-09-20,6,5,2026-09-20 12:19:00,16,16,7,304503,11,41.2,9,202609200605,2026-09-20T12:24:02,6,5,2026-09-20T12:25:00,1m,2026-09-20T12:24:00
202606040605,1,2026-09-20,6,5,2026-09-20 12:19:00,16,16,7,304503,12,7.6,3,202609200605,2026-09-20T12:24:02,6,5,2026-09-20T12:25:00,1m,2026-09-20T12:24:00
202606040605,1,2026-09-20,6,5,2026-09-20 12:19:00,16,16,7,304503,13,66.7,11,202609200605,2026-09-20T12:24:02,6,5,2026-09-20T12:25:00,1m,2026-09-20T12:24:00
202606040605,1,2026-09-20,6,5,2026-09-20 12:19:00,16,16,7,304503,14,2.1,1,202609200605,2026-09-20T12:24:02,6,5,2026-09-20T12:25:00,1m,2026-09-20T12:24:00
202606040605,1,2026-09-20,6,5,2026-09-20 12:19:00,16,16,7,304503,15,73.7,14,202609200605,2026-09-20T12:24:02,6,5,2026-09-20T12:25:00,1m,2026-09-20T12:24:00
202606040605,1,2026-09-20,6,5,2026-09-20 12:19:00,16,16,7,304503,16,68.5,13,202609200605,2026-09-20T12:24:02,6,5,2026-09-20T12:25:00,1m,2026-09-20T12:24:00
202609040606,1,2026-09-20,9,6,2026-09-20 12:34:00,11,11,7,334921,1,76.2,10,202609200906,2026-09-20T12:39:02,9,6,2026-09-20T12:40:00,1m,2026-09-20T12:39:00
202609040606,1,2026-09-20,9,6,2026-09-20 12:34:00,11,11,7,334921,2,5.4,4,202609200906,2026-09-20T12:39:02,9,6,2026-09-20T12:40:00,1m,2026-09-20T12:39:00
202609040606,1,2026-09-20,9,6,2026-09-20 12:34:00,11,11,7,334921,3,4.4,2,202609200906,2026-09-20T12:39:02,9,6,2026-09-20T12:40:00,1m,2026-09-20T12:39:00
202609040606,1,2026-09-20,9,6,2026-09-20 12:34:00,11,11,7,334921,4,4.6,3,202609200906,2026-09-20T12:39:02,9,6,2026-09-20T12:40:00,1m,2026-09-20T12:39:00
202609040606,1,2026-09-20,9,6,2026-09-20 12:34:00,11,11,7,334921,5,14.8,6,202609200906,2026-09-20T12:39:02,9,6,2026-09-20T12:40:00,1m,2026-09-20T12:39:00
202609040606,1,2026-09-20,9,6,2026-09-20 12:34:00,11,11,7,334921,6,74.5,9,202609200906,2026-09-20T12:39:02,9,6,2026-09-20T12:40:00,1m,2026-09-20T12:39:00
202609040606,1,2026-09-20,9,6,2026-09-20 12:34:00,11,11,7,334921,7,2.7,1,202609200906,2026-09-20T12:39:02,9,6,2026-09-20T12:40:00,1m,2026-09-20T12:39:00
202609040606,1,2026-09-20,9,6,2026-09-20 12:34:00,11,11,7,334921,8,32.8,8,202609200906,2026-09-20T12:39:02,9,6,2026-09-20T12:40:00,1m,2026-09-20T12:39:00
202609040606,1,2026-09-20,9,6,2026-09-20 12:34:00,11,11,7,334921,9,126.3,11,202609200906,2026-09-20T12:39:02,9,6,2026-09-20T12:40:00,1m,2026-09-20T12:39:00
202609040606,1,2026-09-20,9,6,2026-09-20 12:34:00,11,11,7,334921,10,12.0,5,202609200906,2026-09-20T12:39:02,9,6,2026-09-20T12:40:00,1m,2026-09-20T12:39:00
202609040606,1,2026-09-20,9,6,2026-09-20 12:34:00,11,11,7,334921,11,19.2,7,202609200906,2026-09-20T12:39:02,9,6,2026-09-20T12:40:00,1m,2026-09-20T12:39:00
202606040606,1,2026-09-20,6,6,2026-09-20 12:49:00,14,14,7,288744,1,7.9,4,202609200606,2026-09-20T12:54:02,6,6,2026-09-20T12:55:00,1m,2026-09-20T12:54:00
202606040606,1,2026-09-20,6,6,2026-09-20 12:49:00,14,14,7,288744,2,7.1,3,202609200606,2026-09-20T12:54:02,6,6,2026-09-20T12:55:00,1m,2026-09-20T12:54:00
202606040606,1,2026-09-20,6,6,2026-09-20 12:49:00,14,14,7,288744,3,3.8,2,202609200606,2026-09-20T12:54:02,6,6,2026-09-20T12:55:00,1m,2026-09-20T12:54:00
202606040606,1,2026-09-20,6,6,2026-09-20 12:49:00,14,14,7,288744,4,73.1,12,202609200606,2026-09-20T12:54:02,6,6,2026-09-20T12:55:00,1m,2026-09-20T12:54:00
202606040606,1,2026-09-20,6,6,2026-09-20 12:49:00,14,14,7,288744,5,28.0,8,202609200606,2026-09-20T12:54:02,6,6,2026-09-20T12:55:00,1m,2026-09-20T12:54:00
202606040606,1,2026-09-20,6,6,2026-09-20 12:49:00,14,14,7,288744,6,95.2,13,202609200606,2026-09-20T12:54:02,6,6,2026-09-20T12:55:00,1m,2026-09-20T12:54:00
202606040606,1,2026-09-20,6,6,2026-09-20 12:49:00,14,14,7,288744,7,9.8,5,202609200606,2026-09-20T12:54:02,6,6,2026-09-20T12:55:00,1m,2026-09-20T12:54:00
202606040606,1,2026-09-20,6,6,2026-09-20 12:49:00,14,14,7,288744,8,2.6,1,202609200606,2026-09-20T12:54:02,6,6,2026-09-20T12:55:00,1m,2026-09-20T12:54:00
202606040606,1,2026-09-20,6,6,2026-09-20 12:49:00,14,14,7,288744,9,18.9,6,202609200606,2026-09-20T12:54:02,6,6,2026-09-20T12:55:00,1m,2026-09-20T12:54:00
202606040606,1,2026-09-20,6,6,2026-09-20 12:49:00,14,14,7,288744,10,125.6,14,202609200606,2026-09-20T12:54:02,6,6,2026-09-20T12:55:00,1m,2026-09-20T12:54:00
202606040606,1,2026-09-20,6,6,2026-09-20 12:49:00,14,14,7,288744,11,32.2,9,202609200606,2026-09-20T12:54:02,6,6,2026-09-20T12:55:00,1m,2026-09-20T12:54:00
202606040606,1,2026-09-20,6,6,2026-09-20 12:49:00,14,14,7,288744,12,47.0,11,202609200606,2026-09-20T12:54:02,6,6,2026-09-20T12:55:00,1m,2026-09-20T12:54:00
202606040606,1,2026-09-20,6,6,2026-09-20 12:49:00,14,14,7,288744,13,21.6,7,202609200606,2026-09-20T12:54:02,6,6,2026-09-20T12:55:00,1m,2026-09-20T12:54:00
202606040606,1,2026-09-20,6,6,2026-09-20 12:49:00,14,14,7,288744,14,36.4,10,202609200606,2026-09-20T12:54:02,6,6,2026-09-20T12:55:00,1m,2026-09-20T12:54:00
202609040607,1,2026-09-20,9,7,2026-09-20 13:04:00,12,12,7,310888,1,4.5,3,202609200907,2026-09-20T13:09:02,9,7,2026-09-20T13:10:00,1m,2026-09-20T13:09:00
202609040607,1,2026-09-20,9,7,2026-09-20 13:04:00,12,12,7,310888,2,136.5,10,202609200907,2026-09-20T13:09:02,9,7,2026-09-20T13:10:00,1m,2026-09-20T13:09:00
202609040607,1,2026-09-20,9,7,2026-09-20 13:04:00,12,12,7,310888,3,15.1,6,202609200907,2026-09-20T13:09:02,9,7,2026-09-20T13:10:00,1m,2026-09-20T13:09:00
202609040607,1,2026-09-20,9,7,2026-09-20 13:04:00,12,12,7,310888,4,22.4,7,202609200907,2026-09-20T13:09:02,9,7,2026-09-20T13:10:00,1m,2026-09-20T13:09:00
202609040607,1,2026-09-20,9,7,2026-09-20 13:04:00,12,12,7,310888,5,2.1,1,202609200907,2026-09-20T13:09:02,9,7,2026-09-20T13:10:00,1m,2026-09-20T13:09:00
202609040607,1,2026-09-20,9,7,2026-09-20 13:04:00,12,12,7,310888,6,4.3,2,202609200907,2026-09-20T13:09:02,9,7,2026-09-20T13:10:00,1m,2026-09-20T13:09:00
202609040607,1,2026-09-20,9,7,2026-09-20 13:04:00,12,12,7,310888,7,170.1,11,202609200907,2026-09-20T13:09:02,9,7,2026-09-20T13:10:00,1m,2026-09-20T13:09:00
202609040607,1,2026-09-20,9,7,2026-09-20 13:04:00,12,12,7,310888,8,13.3,4,202609200907,2026-09-20T13:09:02,9,7,2026-09-20T13:10:00,1m,2026-09-20T13:09:00
202609040607,1,2026-09-20,9,7,2026-09-20 13:04:00,12,12,7,310888,9,30.8,8,202609200907,2026-09-20T13:09:02,9,7,2026-09-20T13:10:00,1m,2026-09-20T13:09:00
202609040607,1,2026-09-20,9,7,2026-09-20 13:04:00,12,12,7,310888,10,183.5,12,202609200907,2026-09-20T13:09:02,9,7,2026-09-20T13:10:00,1m,2026-09-20T13:09:00
202609040607,1,2026-09-20,9,7,2026-09-20 13:04:00,12,12,7,310888,11,13.6,5,202609200907,2026-09-20T13:09:02,9,7,2026-09-20T13:10:00,1m,2026-09-20T13:09:00
202609040607,1,2026-09-20,9,7,2026-09-20 13:04:00,12,12,7,310888,12,35.3,9,202609200907,2026-09-20T13:09:02,9,7,2026-09-20T13:10:00,1m,2026-09-20T13:09:00
202606040607,1,2026-09-20,6,7,2026-09-20 13:19:00,18,18,7,335946,1,13.3,5,202609200607,2026-09-20T13:24:02,6,7,2026-09-20T13:25:00,1m,2026-09-20T13:24:00
202606040607,1,2026-09-20,6,7,2026-09-20 13:19:00,18,18,7,335946,2,21.9,9,202609200607,2026-09-20T13:24:02,6,7,2026-09-20T13:25:00,1m,2026-09-20T13:24:00
202606040607,1,2026-09-20,6,7,2026-09-20 13:19:00,18,18,7,335946,3,164.5,18,202609200607,2026-09-20T13:24:02,6,7,2026-09-20T13:25:00,1m,2026-09-20T13:24:00
202606040607,1,2026-09-20,6,7,2026-09-20 13:19:00,18,18,7,335946,4,4.0,2,202609200607,2026-09-20T13:24:02,6,7,2026-09-20T13:25:00,1m,2026-09-20T13:24:00
202606040607,1,2026-09-20,6,7,2026-09-20 13:19:00,18,18,7,335946,5,73.3,14,202609200607,2026-09-20T13:24:02,6,7,2026-09-20T13:25:00,1m,2026-09-20T13:24:00
202606040607,1,2026-09-20,6,7,2026-09-20 13:19:00,18,18,7,335946,6,6.7,3,202609200607,2026-09-20T13:24:02,6,7,2026-09-20T13:25:00,1m,2026-09-20T13:24:00
202606040607,1,2026-09-20,6,7,2026-09-20 13:19:00,18,18,7,335946,7,127.1,16,202609200607,2026-09-20T13:24:02,6,7,2026-09-20T13:25:00,1m,2026-09-20T13:24:00
202606040607,1,2026-09-20,6,7,2026-09-20 13:19:00,18,18,7,335946,8,20.1,8,202609200607,2026-09-20T13:24:02,6,7,2026-09-20T13:25:00,1m,2026-09-20T13:24:00
202606040607,1,2026-09-20,6,7,2026-09-20 13:19:00,18,18,7,335946,9,143.1,17,202609200607,2026-09-20T13:24:02,6,7,2026-09-20T13:25:00,1m,2026-09-20T13:24:00
202606040607,1,2026-09-20,6,7,2026-09-20 13:19:00,18,18,7,335946,10,19.3,7,202609200607,2026-09-20T13:24:02,6,7,2026-09-20T13:25:00,1m,2026-09-20T13:24:00
202606040607,1,2026-09-20,6,7,2026-09-20 13:19:00,18,18,7,335946,11,3.2,1,202609200607,2026-09-20T13:24:02,6,7,2026-09-20T13:25:00,1m,2026-09-20T13:24:00
202606040607,1,2026-09-20,6,7,2026-09-20 13:19:00,18,18,7,335946,12,9.0,4,202609200607,2026-09-20T13:24:02,6,7,2026-09-20T13:25:00,1m,2026-09-20T13:24:00
202606040607,1,2026-09-20,6,7,2026-09-20 13:19:00,18,18,7,335946,13,26.7,10,202609200607,2026-09-20T13:24:02,6,7,2026-09-20T13:25:00,1m,2026-09-20T13:24:00
202606040607,1,2026-09-20,6,7,2026-09-20 13:19:00,18,18,7,335946,14,93.1,15,202609200607,2026-09-20T13:24:02,6,7,2026-09-20T13:25:00,1m,2026-09-20T13:24:00
202606040607,1,2026-09-20,6,7,2026-09-20 13:19:00,18,18,7,335946,15,45.1,12,202609200607,2026-09-20T13:24:02,6,7,2026-09-20T13:25:00,1m,2026-09-20T13:24:00
202606040607,1,2026-09-20,6,7,2026-09-20 13:19:00,18,18,7,335946,16,16.8,6,202609200607,2026-09-20T13:24:02,6,7,2026-09-20T13:25:00,1m,2026-09-20T13:24:00
202606040607,1,2026-09-20,6,7,2026-09-20 13:19:00,18,18,7,335946,17,62.2,13,202609200607,2026-09-20T13:24:02,6,7,2026-09-20T13:25:00,1m,2026-09-20T13:24:00
202606040607,1,2026-09-20,6,7,2026-09-20 13:19:00,18,18,7,335946,18,30.6,11,202609200607,2026-09-20T13:24:02,6,7,2026-09-20T13:25:00,1m,2026-09-20T13:24:00
202609040608,1,2026-09-20,9,8,2026-09-20 13:34:00,15,15,7,312319,1,9.0,5,202609200908,2026-09-20T13:39:02,9,8,2026-09-20T13:40:00,1m,2026-09-20T13:39:00
202609040608,1,2026-09-20,9,8,2026-09-20 13:34:00,15,15,7,312319,2,8.8,4,202609200908,2026-09-20T13:39:02,9,8,2026-09-20T13:40:00,1m,2026-09-20T13:39:00
202609040608,1,2026-09-20,9,8,2026-09-20 13:34:00,15,15,7,312319,3,26.2,8,202609200908,2026-09-20T13:39:02,9,8,2026-09-20T13:40:00,1m,2026-09-20T13:39:00
202609040608,1,2026-09-20,9,8,2026-09-20 13:34:00,15,15,7,312319,4,32.1,9,202609200908,2026-09-20T13:39:02,9,8,2026-09-20T13:40:00,1m,2026-09-20T13:39:00
202609040608,1,2026-09-20,9,8,2026-09-20 13:34:00,15,15,7,312319,5,178.3,15,202609200908,2026-09-20T13:39:02,9,8,2026-09-20T13:40:00,1m,2026-09-20T13:39:00
202609040608,1,2026-09-20,9,8,2026-09-20 13:34:00,15,15,7,312319,6,130.8,14,202609200908,2026-09-20T13:39:02,9,8,2026-09-20T13:40:00,1m,2026-09-20T13:39:00
202609040608,1,2026-09-20,9,8,2026-09-20 13:34:00,15,15,7,312319,7,20.9,6,202609200908,2026-09-20T13:39:02,9,8,2026-09-20T13:40:00,1m,2026-09-20T13:39:00
202609040608,1,2026-09-20,9,8,2026-09-20 13:34:00,15,15,7,312319,8,23.1,7,202609200908,2026-09-20T13:39:02,9,8,2026-09-20T13:40:00,1m,2026-09-20T13:39:00
202609040608,1,2026-09-20,9,8,2026-09-20 13:34:00,15,15,7,312319,9,59.3,11,202609200908,2026-09-20T13:39:02,9,8,2026-09-20T13:40:00,1m,2026-09-20T13:39:00
202609040608,1,2026-09-20,9,8,2026-09-20 13:34:00,15,15,7,312319,10,6.0,3,202609200908,2026-09-20T13:39:02,9,8,2026-09-20T13:40:00,1m,2026-09-20T13:39:00
202609040608,1,2026-09-20,9,8,2026-09-20 13:34:00,15,15,7,312319,11,2.1,1,202609200908,2026-09-20T13:39:02,9,8,2026-09-20T13:40:00,1m,2026-09-20T13:39:00
202609040608,1,2026-09-20,9,8,2026-09-20 13:34:00,15,15,7,312319,12,58.6,10,202609200908,2026-09-20T13:39:02,9,8,2026-09-20T13:40:00,1m,2026-09-20T13:39:00
202609040608,1,2026-09-20,9,8,2026-09-20 13:34:00,15,15,7,312319,13,5.8,2,202609200908,2026-09-20T13:39:02,9,8,2026-09-20T13:40:00,1m,2026-09-20T13:39:00
202609040608,1,2026-09-20,9,8,2026-09-20 13:34:00,15,15,7,312319,14,110.9,12,202609200908,2026-09-20T13:39:02,9,8,2026-09-20T13:40:00,1m,2026-09-20T13:39:00
202609040608,1,2026-09-20,9,8,2026-09-20 13:34:00,15,15,7,312319,15,112.1,13,202609200908,2026-09-20T13:39:02,9,8,2026-09-20T13:40:00,1m,2026-09-20T13:39:00
202606040608,1,2026-09-20,6,8,2026-09-20 13:49:00,16,16,7,349884,1,17.5,6,202609200608,2026-09-20T13:54:02,6,8,2026-09-20T13:55:00,1m,2026-09-20T13:54:00
202606040608,1,2026-09-20,6,8,2026-09-20 13:49:00,16,16,7,349884,2,128.8,15,202609200608,2026-09-20T13:54:02,6,8,2026-09-20T13:55:00,1m,2026-09-20T13:54:00
202606040608,1,2026-09-20,6,8,2026-09-20 13:49:00,16,16,7,349884,3,123.1,14,202609200608,2026-09-20T13:54:02,6,8,2026-09-20T13:55:00,1m,2026-09-20T13:54:00
202606040608,1,2026-09-20,6,8,2026-09-20 13:49:00,16,16,7,349884,4,3.1,1,202609200608,2026-09-20T13:54:02,6,8,2026-09-20T13:55:00,1m,2026-09-20T13:54:00
202606040608,1,2026-09-20,6,8,2026-09-20 13:49:00,16,16,7,349884,5,3.4,2,202609200608,2026-09-20T13:54:02,6,8,2026-09-20T13:55:00,1m,2026-09-20T13:54:00
202606040608,1,2026-09-20,6,8,2026-09-20 13:49:00,16,16,7,349884,6,82.3,13,202609200608,2026-09-20T13:54:02,6,8,2026-09-20T13:55:00,1m,2026-09-20T13:54:00
202606040608,1,2026-09-20,6,8,2026-09-20 13:49:00,16,16,7,349884,7,145.2,16,202609200608,2026-09-20T13:54:02,6,8,2026-09-20T13:55:00,1m,2026-09-20T13:54:00
202606040608,1,2026-09-20,6,8,2026-09-20 13:49:00,16,16,7,349884,8,19.2,7,202609200608,2026-09-20T13:54:02,6,8,2026-09-20T13:55:00,1m,2026-09-20T13:54:00
202606040608,1,2026-09-20,6,8,2026-09-20 13:49:00,16,16,7,349884,9,15.8,5,202609200608,2026-09-20T13:54:02,6,8,2026-09-20T13:55:00,1m,2026-09-20T13:54:00
202606040608,1,2026-09-20,6,8,2026-09-20 13:49:00,16,16,7,349884,10,5.4,3,202609200608,2026-09-20T13:54:02,6,8,2026-09-20T13:55:00,1m,2026-09-20T13:54:00
202606040608,1,2026-09-20,6,8,2026-09-20 13:49:00,16,16,7,349884,11,12.8,4,202609200608,2026-09-20T13:54:02,6,8,2026-09-20T13:55:00,1m,2026-09-20T13:54:00
202606040608,1,2026-09-20,6,8,2026-09-20 13:49:00,16,16,7,349884,12,35.6,11,202609200608,2026-09-20T13:54:02,6,8,2026-09-20T13:55:00,1m,2026-09-20T13:54:00
202606040608,1,2026-09-20,6,8,2026-09-20 13:49:00,16,16,7,349884,13,28.2,10,202609200608,2026-09-20T13:54:02,6,8,2026-09-20T13:55:00,1m,2026-09-20T13:54:00
202606040608,1,2026-09-20,6,8,2026-09-20 13:49:00,16,16,7,349884,14,23.7,9,202609200608,2026-09-20T13:54:02,6,8,2026-09-20T13:55:00,1m,2026-09-20T13:54:00
202606040608,1,2026-09-20,6,8,2026-09-20 13:49:00,16,16,7,349884,15,21.0,8,202609200608,2026-09-20T13:54:02,6,8,2026-09-20T13:55:00,1m,2026-09-20T13:54:00
202606040608,1,2026-09-20,6,8,2026-09-20 13:49:00,16,16,7,349884,16,53.5,12,202609200608,2026-09-20T13:54:02,6,8,2026-09-20T13:55:00,1m,2026-09-20T13:54:00
202609040609,1,2026-09-20,9,9,2026-09-20 14:04:00,10,10,7,350647,1,6.3,3,202609200909,2026-09-20T14:09:02,9,9,2026-09-20T14:10:00,1m,2026-09-20T14:09:00
202609040609,1,2026-09-20,9,9,2026-09-20 14:04:00,10,10,7,350647,2,14.5,6,202609200909,2026-09-20T14:09:02,9,9,2026-09-20T14:10:00,1m,2026-09-20T14:09:00
202609040609,1,2026-09-20,9,9,2026-09-20 14:04:00,10,10,7,350647,3,99.5,9,202609200909,2026-09-20T14:09:02,9,9,2026-09-20T14:10:00,1m,2026-09-20T14:09:00
202609040609,1,2026-09-20,9,9,2026-09-20 14:04:00,10,10,7,350647,4,1.8,1,202609200909,2026-09-20T14:09:02,9,9,2026-09-20T14:10:00,1m,2026-09-20T14:09:00
202609040609,1,2026-09-20,9,9,2026-09-20 14:04:00,10,10,7,350647,5,8.3,4,202609200909,2026-09-20T14:09:02,9,9,2026-09-20T14:10:00,1m,2026-09-20T14:09:00
202609040609,1,2026-09-20,9,9,2026-09-20 14:04:00,10,10,7,350647,6,4.6,2,202609200909,2026-09-20T14:09:02,9,9,2026-09-20T14:10:00,1m,2026-09-20T14:09:00
202609040609,1,2026-09-20,9,9,2026-09-20 14:04:00,10,10,7,350647,7,13.9,5,202609200909,2026-09-20T14:09:02,9,9,2026-09-20T14:10:00,1m,2026-09-20T14:09:00
202609040609,1,2026-09-20,9,9,2026-09-20 14:04:00,10,10,7,350647,8,23.7,7,202609200909,2026-09-20T14:09:02,9,9,2026-09-20T14:10:00,1m,2026-09-20T14:09:00
202609040609,1,2026-09-20,9,9,2026-09-20 14:04:00,10,10,7,350647,9,33.2,8,202609200909,2026-09-20T14:09:02,9,9,2026-09-20T14:10:00,1m,2026-09-20T14:09:00
202609040609,1,2026-09-20,9,9,2026-09-20 14:04:00,10,10,7,350647,10,113.8,10,202609200909,2026-09-20T14:09:02,9,9,2026-09-20T14:10:00,1m,2026-09-20T14:09:00
202606040609,1,2026-09-20,6,9,2026-09-20 14:19:00,12,12,7,365091,1,27.7,7,202609200609,2026-09-20T14:24:02,6,9,2026-09-20T14:25:00,1m,2026-09-20T14:24:00
202606040609,1,2026-09-20,6,9,2026-09-20 14:19:00,12,12,7,365091,2,27.1,6,202609200609,2026-09-20T14:24:02,6,9,2026-09-20T14:25:00,1m,2026-09-20T14:24:00
202606040609,1,2026-09-20,6,9,2026-09-20 14:19:00,12,12,7,365091,3,2.7,1,202609200609,2026-09-20T14:24:02,6,9,2026-09-20T14:25:00,1m,2026-09-20T14:24:00
202606040609,1,2026-09-20,6,9,2026-09-20 14:19:00,12,12,7,365091,4,78.0,12,202609200609,2026-09-20T14:24:02,6,9,2026-09-20T14:25:00,1m,2026-09-20T14:24:00
202606040609,1,2026-09-20,6,9,2026-09-20 14:19:00,12,12,7,365091,5,8.5,5,202609200609,2026-09-20T14:24:02,6,9,2026-09-20T14:25:00,1m,2026-09-20T14:24:00
202606040609,1,2026-09-20,6,9,2026-09-20 14:19:00,12,12,7,365091,6,30.4,9,202609200609,2026-09-20T14:24:02,6,9,2026-09-20T14:25:00,1m,2026-09-20T14:24:00
202606040609,1,2026-09-20,6,9,2026-09-20 14:19:00,12,12,7,365091,7,29.4,8,202609200609,2026-09-20T14:24:02,6,9,2026-09-20T14:25:00,1m,2026-09-20T14:24:00
202606040609,1,2026-09-20,6,9,2026-09-20 14:19:00,12,12,7,365091,8,7.3,4,202609200609,2026-09-20T14:24:02,6,9,2026-09-20T14:25:00,1m,2026-09-20T14:24:00
202606040609,1,2026-09-20,6,9,2026-09-20 14:19:00,12,12,7,365091,9,5.6,3,202609200609,2026-09-20T14:24:02,6,9,2026-09-20T14:25:00,1m,2026-09-20T14:24:00
202606040609,1,2026-09-20,6,9,2026-09-20 14:19:00,12,12,7,365091,10,3.9,2,202609200609,2026-09-20T14:24:02,6,9,2026-09-20T14:25:00,1m,2026-09-20T14:24:00
202606040609,1,2026-09-20,6,9,2026-09-20 14:19:00,12,12,7,365091,11,44.1,10,202609200609,2026-09-20T14:24:02,6,9,2026-09-20T14:25:00,1m,2026-09-20T14:24:00
202606040609,1,2026-09-20,6,9,2026-09-20 14:19:00,12,12,7,365091,12,46.5,11,202609200609,2026-09-20T14:24:02,6,9,2026-09-20T14:25:00,1m,2026-09-20T14:24:00
202609040610,1,2026-09-20,9,10,2026-09-20 14:44:00,15,15,7,521321,1,72.5,12,202609200910,2026-09-20T14:49:02,9,10,2026-09-20T14:50:00,1m,2026-09-20T14:49:00
202609040610,1,2026-09-20,9,10,2026-09-20 14:44:00,15,15,7,521321,2,5.7,4,202609200910,2026-09-20T14:49:02,9,10,2026-09-20T14:50:00,1m,2026-09-20T14:49:00
202609040610,1,2026-09-20,9,10,2026-09-20 14:44:00,15,15,7,521321,3,4.3,2,202609200910,2026-09-20T14:49:02,9,10,2026-09-20T14:50:00,1m,2026-09-20T14:49:00
202609040610,1,2026-09-20,9,10,2026-09-20 14:44:00,15,15,7,521321,4,36.9,9,202609200910,2026-09-20T14:49:02,9,10,2026-09-20T14:50:00,1m,2026-09-20T14:49:00
202609040610,1,2026-09-20,9,10,2026-09-20 14:44:00,15,15,7,521321,5,3.4,1,202609200910,2026-09-20T14:49:02,9,10,2026-09-20T14:50:00,1m,2026-09-20T14:49:00
202609040610,1,2026-09-20,9,10,2026-09-20 14:44:00,15,15,7,521321,6,8.7,5,202609200910,2026-09-20T14:49:02,9,10,2026-09-20T14:50:00,1m,2026-09-20T14:49:00
202609040610,1,2026-09-20,9,10,2026-09-20 14:44:00,15,15,7,521321,7,139.2,15,202609200910,2026-09-20T14:49:02,9,10,2026-09-20T14:50:00,1m,2026-09-20T14:49:00
202609040610,1,2026-09-20,9,10,2026-09-20 14:44:00,15,15,7,521321,8,66.4,11,202609200910,2026-09-20T14:49:02,9,10,2026-09-20T14:50:00,1m,2026-09-20T14:49:00
202609040610,1,2026-09-20,9,10,2026-09-20 14:44:00,15,15,7,521321,9,58.0,10,202609200910,2026-09-20T14:49:02,9,10,2026-09-20T14:50:00,1m,2026-09-20T14:49:00
202609040610,1,2026-09-20,9,10,2026-09-20 14:44:00,15,15,7,521321,10,119.4,14,202609200910,2026-09-20T14:49:02,9,10,2026-09-20T14:50:00,1m,2026-09-20T14:49:00
202609040610,1,2026-09-20,9,10,2026-09-20 14:44:00,15,15,7,521321,11,13.6,6,202609200910,2026-09-20T14:49:02,9,10,2026-09-20T14:50:00,1m,2026-09-20T14:49:00
202609040610,1,2026-09-20,9,10,2026-09-20 14:44:00,15,15,7,521321,12,5.4,3,202609200910,2026-09-20T14:49:02,9,10,2026-09-20T14:50:00,1m,2026-09-20T14:49:00
202609040610,1,2026-09-20,9,10,2026-09-20 14:44:00,15,15,7,521321,13,118.9,13,202609200910,2026-09-20T14:49:02,9,10,2026-09-20T14:50:00,1m,2026-09-20T14:49:00
202609040610,1,2026-09-20,9,10,2026-09-20 14:44:00,15,15,7,521321,14,21.5,7,202609200910,2026-09-20T14:49:02,9,10,2026-09-20T14:50:00,1m,2026-09-20T14:49:00
202609040610,1,2026-09-20,9,10,2026-09-20 14:44:00,15,15,7,521321,15,24.0,8,202609200910,2026-09-20T14:49:02,9,10,2026-09-20T14:50:00,1m,2026-09-20T14:49:00
202606040610,1,2026-09-20,6,10,2026-09-20 14:59:00,16,16,7,619789,1,16.4,5,202609200610,2026-09-20T15:04:02,6,10,2026-09-20T15:05:00,1m,2026-09-20T15:04:00
202606040610,1,2026-09-20,6,10,2026-09-20 14:59:00,16,16,7,619789,2,11.3,4,202609200610,2026-09-20T15:04:02,6,10,2026-09-20T15:05:00,1m,2026-09-20T15:04:00
202606040610,1,2026-09-20,6,10,2026-09-20 14:59:00,16,16,7,619789,3,40.1,10,202609200610,2026-09-20T15:04:02,6,10,2026-09-20T15:05:00,1m,2026-09-20T15:04:00
202606040610,1,2026-09-20,6,10,2026-09-20 14:59:00,16,16,7,619789,4,141.8,14,202609200610,2026-09-20T15:04:02,6,10,2026-09-20T15:05:00,1m,2026-09-20T15:04:00
202606040610,1,2026-09-20,6,10,2026-09-20 14:59:00,16,16,7,619789,5,46.3,11,202609200610,2026-09-20T15:04:02,6,10,2026-09-20T15:05:00,1m,2026-09-20T15:04:00
202606040610,1,2026-09-20,6,10,2026-09-20 14:59:00,16,16,7,619789,6,25.7,7,202609200610,2026-09-20T15:04:02,6,10,2026-09-20T15:05:00,1m,2026-09-20T15:04:00
202606040610,1,2026-09-20,6,10,2026-09-20 14:59:00,16,16,7,619789,7,82.5,13,202609200610,2026-09-20T15:04:02,6,10,2026-09-20T15:05:00,1m,2026-09-20T15:04:00
202606040610,1,2026-09-20,6,10,2026-09-20 14:59:00,16,16,7,619789,8,1.7,1,202609200610,2026-09-20T15:04:02,6,10,2026-09-20T15:05:00,1m,2026-09-20T15:04:00
202606040610,1,2026-09-20,6,10,2026-09-20 14:59:00,16,16,7,619789,9,9.4,3,202609200610,2026-09-20T15:04:02,6,10,2026-09-20T15:05:00,1m,2026-09-20T15:04:00
202606040610,1,2026-09-20,6,10,2026-09-20 14:59:00,16,16,7,619789,10,38.9,9,202609200610,2026-09-20T15:04:02,6,10,2026-09-20T15:05:00,1m,2026-09-20T15:04:00
202606040610,1,2026-09-20,6,10,2026-09-20 14:59:00,16,16,7,619789,11,33.2,8,202609200610,2026-09-20T15:04:02,6,10,2026-09-20T15:05:00,1m,2026-09-20T15:04:00
202606040610,1,2026-09-20,6,10,2026-09-20 14:59:00,16,16,7,619789,12,20.6,6,202609200610,2026-09-20T15:04:02,6,10,2026-09-20T15:05:00,1m,2026-09-20T15:04:00
202606040610,1,2026-09-20,6,10,2026-09-20 14:59:00,16,16,7,619789,13,50.0,12,202609200610,2026-09-20T15:04:02,6,10,2026-09-20T15:05:00,1m,2026-09-20T15:04:00
202606040610,1,2026-09-20,6,10,2026-09-20 14:59:00,16,16,7,619789,14,156.3,15,202609200610,2026-09-20T15:04:02,6,10,2026-09-20T15:05:00,1m,2026-09-20T15:04:00
202606040610,1,2026-09-20,6,10,2026-09-20 14:59:00,16,16,7,619789,15,5.7,2,202609200610,2026-09-20T15:04:02,6,10,2026-09-20T15:05:00,1m,2026-09-20T15:04:00
202606040610,1,2026-09-20,6,10,2026-09-20 14:59:00,16,16,7,619789,16,221.1,16,202609200610,2026-09-20T15:04:02,6,10,2026-09-20T15:05:00,1m,2026-09-20T15:04:00
202609040611,1,2026-09-20,9,11,2026-09-20 15:24:00,16,16,7,889615,1,24.2,10,202609200911,2026-09-20T15:29:02,9,11,2026-09-20T15:30:00,1m,2026-09-20T15:29:00
202609040611,1,2026-09-20,9,11,2026-09-20 15:24:00,16,16,7,889615,2,5.6,1,202609200911,2026-09-20T15:29:02,9,11,2026-09-20T15:30:00,1m,2026-09-20T15:29:00
202609040611,1,2026-09-20,9,11,2026-09-20 15:24:00,16,16,7,889615,3,32.4,14,202609200911,2026-09-20T15:29:02,9,11,2026-09-20T15:30:00,1m,2026-09-20T15:29:00
202609040611,1,2026-09-20,9,11,2026-09-20 15:24:00,16,16,7,889615,4,6.5,2,202609200911,2026-09-20T15:29:02,9,11,2026-09-20T15:30:00,1m,2026-09-20T15:29:00
202609040611,1,2026-09-20,9,11,2026-09-20 15:24:00,16,16,7,889615,5,6.9,4,202609200911,2026-09-20T15:29:02,9,11,2026-09-20T15:30:00,1m,2026-09-20T15:29:00
202609040611,1,2026-09-20,9,11,2026-09-20 15:24:00,16,16,7,889615,6,68.6,15,202609200911,2026-09-20T15:29:02,9,11,2026-09-20T15:30:00,1m,2026-09-20T15:29:00
202609040611,1,2026-09-20,9,11,2026-09-20 15:24:00,16,16,7,889615,7,8.9,6,202609200911,2026-09-20T15:29:02,9,11,2026-09-20T15:30:00,1m,2026-09-20T15:29:00
202609040611,1,2026-09-20,9,11,2026-09-20 15:24:00,16,16,7,889615,8,26.4,11,202609200911,2026-09-20T15:29:02,9,11,2026-09-20T15:30:00,1m,2026-09-20T15:29:00
202609040611,1,2026-09-20,9,11,2026-09-20 15:24:00,16,16,7,889615,9,6.8,3,202609200911,2026-09-20T15:29:02,9,11,2026-09-20T15:30:00,1m,2026-09-20T15:29:00
202609040611,1,2026-09-20,9,11,2026-09-20 15:24:00,16,16,7,889615,10,19.6,9,202609200911,2026-09-20T15:29:02,9,11,2026-09-20T15:30:00,1m,2026-09-20T15:29:00
202609040611,1,2026-09-20,9,11,2026-09-20 15:24:00,16,16,7,889615,11,29.3,13,202609200911,2026-09-20T15:29:02,9,11,2026-09-20T15:30:00,1m,2026-09-20T15:29:00
202609040611,1,2026-09-20,9,11,2026-09-20 15:24:00,16,16,7,889615,12,7.4,5,202609200911,2026-09-20T15:29:02,9,11,2026-09-20T15:30:00,1m,2026-09-20T15:29:00
202609040611,1,2026-09-20,9,11,2026-09-20 15:24:00,16,16,7,889615,13,27.7,12,202609200911,2026-09-20T15:29:02,9,11,2026-09-20T15:30:00,1m,2026-09-20T15:29:00
202609040611,1,2026-09-20,9,11,2026-09-20 15:24:00,16,16,7,889615,14,15.7,8,202609200911,2026-09-20T15:29:02,9,11,2026-09-20T15:30:00,1m,2026-09-20T15:29:00
202609040611,1,2026-09-20,9,11,2026-09-20 15:24:00,16,16,7,889615,15,15.0,7,202609200911,2026-09-20T15:29:02,9,11,2026-09-20T15:30:00,1m,2026-09-20T15:29:00
202609040611,1,2026-09-20,9,11,2026-09-20 15:24:00,16,16,7,889615,16,97.0,16,202609200911,2026-09-20T15:29:02,9,11,2026-09-20T15:30:00,1m,2026-09-20T15:29:00
202606040611,1,2026-09-20,6,11,2026-09-20 15:39:00,13,13,7,3183299,1,20.5,7,202609200611,2026-09-20T15:44:02,6,11,2026-09-20T15:45:00,1m,2026-09-20T15:44:00
202606040611,1,2026-09-20,6,11,2026-09-20 15:39:00,13,13,7,3183299,2,39.5,10,202609200611,2026-09-20T15:44:02,6,11,2026-09-20T15:45:00,1m,2026-09-20T15:44:00
202606040611,1,2026-09-20,6,11,2026-09-20 15:39:00,13,13,7,3183299,3,31.9,8,202609200611,2026-09-20T15:44:02,6,11,2026-09-20T15:45:00,1m,2026-09-20T15:44:00
202606040611,1,2026-09-20,6,11,2026-09-20 15:39:00,13,13,7,3183299,4,6.2,3,202609200611,2026-09-20T15:44:02,6,11,2026-09-20T15:45:00,1m,2026-09-20T15:44:00
202606040611,1,2026-09-20,6,11,2026-09-20 15:39:00,13,13,7,3183299,5,101.8,11,202609200611,2026-09-20T15:44:02,6,11,2026-09-20T15:45:00,1m,2026-09-20T15:44:00
202606040611,1,2026-09-20,6,11,2026-09-20 15:39:00,13,13,7,3183299,6,14.8,6,202609200611,2026-09-20T15:44:02,6,11,2026-09-20T15:45:00,1m,2026-09-20T15:44:00
202606040611,1,2026-09-20,6,11,2026-09-20 15:39:00,13,13,7,3183299,7,2.7,1,202609200611,2026-09-20T15:44:02,6,11,2026-09-20T15:45:00,1m,2026-09-20T15:44:00
202606040611,1,2026-09-20,6,11,2026-09-20 15:39:00,13,13,7,3183299,8,35.8,9,202609200611,2026-09-20T15:44:02,6,11,2026-09-20T15:45:00,1m,2026-09-20T15:44:00
202606040611,1,2026-09-20,6,11,2026-09-20 15:39:00,13,13,7,3183299,9,3.2,2,202609200611,2026-09-20T15:44:02,6,11,2026-09-20T15:45:00,1m,2026-09-20T15:44:00
202606040611,1,2026-09-20,6,11,2026-09-20 15:39:00,13,13,7,3183299,10,121.6,13,202609200611,2026-09-20T15:44:02,6,11,2026-09-20T15:45:00,1m,2026-09-20T15:44:00
202606040611,1,2026-09-20,6,11,2026-09-20 15:39:00,13,13,7,3183299,11,121.2,12,202609200611,2026-09-20T15:44:02,6,11,2026-09-20T15:45:00,1m,2026-09-20T15:44:00
202606040611,1,2026-09-20,6,11,2026-09-20 15:39:00,13,13,7,3183299,12,10.9,5,202609200611,2026-09-20T15:44:02,6,11,2026-09-20T15:45:00,1m,2026-09-20T15:44:00
202606040611,1,2026-09-20,6,11,2026-09-20 15:39:00,13,13,7,3183299,13,9.8,4,202609200611,2026-09-20T15:44:02,6,11,2026-09-20T15:45:00,1m,2026-09-20T15:44:00
202609040612,1,2026-09-20,9,12,2026-09-20 16:04:00,15,15,7,576621,1,9.7,3,202609200912,2026-09-20T16:09:02,9,12,2026-09-20T16:10:00,1m,2026-09-20T16:09:00
202609040612,1,2026-09-20,9,12,2026-09-20 16:04:00,15,15,7,576621,2,31.4,8,202609200912,2026-09-20T16:09:02,9,12,2026-09-20T16:10:00,1m,2026-09-20T16:09:00
202609040612,1,2026-09-20,9,12,2026-09-20 16:04:00,15,15,7,576621,3,1.6,1,202609200912,2026-09-20T16:09:02,9,12,2026-09-20T16:10:00,1m,2026-09-20T16:09:00
202609040612,1,2026-09-20,9,12,2026-09-20 16:04:00,15,15,7,576621,4,69.9,12,202609200912,2026-09-20T16:09:02,9,12,2026-09-20T16:10:00,1m,2026-09-20T16:09:00
202609040612,1,2026-09-20,9,12,2026-09-20 16:04:00,15,15,7,576621,5,22.9,6,202609200912,2026-09-20T16:09:02,9,12,2026-09-20T16:10:00,1m,2026-09-20T16:09:00
202609040612,1,2026-09-20,9,12,2026-09-20 16:04:00,15,15,7,576621,6,126.3,15,202609200912,2026-09-20T16:09:02,9,12,2026-09-20T16:10:00,1m,2026-09-20T16:09:00
202609040612,1,2026-09-20,9,12,2026-09-20 16:04:00,15,15,7,576621,7,45.6,10,202609200912,2026-09-20T16:09:02,9,12,2026-09-20T16:10:00,1m,2026-09-20T16:09:00
202609040612,1,2026-09-20,9,12,2026-09-20 16:04:00,15,15,7,576621,8,11.7,4,202609200912,2026-09-20T16:09:02,9,12,2026-09-20T16:10:00,1m,2026-09-20T16:09:00
202609040612,1,2026-09-20,9,12,2026-09-20 16:04:00,15,15,7,576621,9,93.6,13,202609200912,2026-09-20T16:09:02,9,12,2026-09-20T16:10:00,1m,2026-09-20T16:09:00
202609040612,1,2026-09-20,9,12,2026-09-20 16:04:00,15,15,7,576621,10,6.6,2,202609200912,2026-09-20T16:09:02,9,12,2026-09-20T16:10:00,1m,2026-09-20T16:09:00
202609040612,1,2026-09-20,9,12,2026-09-20 16:04:00,15,15,7,576621,11,61.4,11,202609200912,2026-09-20T16:09:02,9,12,2026-09-20T16:10:00,1m,2026-09-20T16:09:00
202609040612,1,2026-09-20,9,12,2026-09-20 16:04:00,15,15,7,576621,12,97.6,14,202609200912,2026-09-20T16:09:02,9,12,2026-09-20T16:10:00,1m,2026-09-20T16:09:00
202609040612,1,2026-09-20,9,12,2026-09-20 16:04:00,15,15,7,576621,13,34.1,9,202609200912,2026-09-20T16:09:02,9,12,2026-09-20T16:10:00,1m,2026-09-20T16:09:00
202609040612,1,2026-09-20,9,12,2026-09-20 16:04:00,15,15,7,576621,14,26.0,7,202609200912,2026-09-20T16:09:02,9,12,2026-09-20T16:10:00,1m,2026-09-20T16:09:00
202609040612,1,2026-09-20,9,12,2026-09-20 16:04:00,15,15,7,576621,15,13.5,5,202609200912,2026-09-20T16:09:02,9,12,2026-09-20T16:10:00,1m,2026-09-20T16:09:00
202606040612,1,2026-09-20,06,12,2026-09-20 16:24:00,16,16,7,822271,01,7.1,4,202609200612,2026-09-20T16:29:02,06,12,2026-09-20T16:30:00,1m,2026-09-20T16:29:00
202606040612,1,2026-09-20,06,12,2026-09-20 16:24:00,16,16,7,822271,02,30.7,11,202609200612,2026-09-20T16:29:02,06,12,2026-09-20T16:30:00,1m,2026-09-20T16:29:00
202606040612,1,2026-09-20,06,12,2026-09-20 16:24:00,16,16,7,822271,03,26.2,10,202609200612,2026-09-20T16:29:02,06,12,2026-09-20T16:30:00,1m,2026-09-20T16:29:00
202606040612,1,2026-09-20,06,12,2026-09-20 16:24:00,16,16,7,822271,04,119.6,16,202609200612,2026-09-20T16:29:02,06,12,2026-09-20T16:30:00,1m,2026-09-20T16:29:00
202606040612,1,2026-09-20,06,12,2026-09-20 16:24:00,16,16,7,822271,05,11.5,5,202609200612,2026-09-20T16:29:02,06,12,2026-09-20T16:30:00,1m,2026-09-20T16:29:00
202606040612,1,2026-09-20,06,12,2026-09-20 16:24:00,16,16,7,822271,06,5.0,2,202609200612,2026-09-20T16:29:02,06,12,2026-09-20T16:30:00,1m,2026-09-20T16:29:00
202606040612,1,2026-09-20,06,12,2026-09-20 16:24:00,16,16,7,822271,07,40.3,13,202609200612,2026-09-20T16:29:02,06,12,2026-09-20T16:30:00,1m,2026-09-20T16:29:00
202606040612,1,2026-09-20,06,12,2026-09-20 16:24:00,16,16,7,822271,08,15.9,7,202609200612,2026-09-20T16:29:02,06,12,2026-09-20T16:30:00,1m,2026-09-20T16:29:00
202606040612,1,2026-09-20,06,12,2026-09-20 16:24:00,16,16,7,822271,09,11.5,5,202609200612,2026-09-20T16:29:02,06,12,2026-09-20T16:30:00,1m,2026-09-20T16:29:00
202606040612,1,2026-09-20,06,12,2026-09-20 16:24:00,16,16,7,822271,10,92.0,15,202609200612,2026-09-20T16:29:02,06,12,2026-09-20T16:30:00,1m,2026-09-20T16:29:00
202606040612,1,2026-09-20,06,12,2026-09-20 16:24:00,16,16,7,822271,11,25.3,9,202609200612,2026-09-20T16:29:02,06,12,2026-09-20T16:30:00,1m,2026-09-20T16:29:00
202606040612,1,2026-09-20,06,12,2026-09-20 16:24:00,16,16,7,822271,12,4.2,1,202609200612,2026-09-20T16:29:02,06,12,2026-09-20T16:30:00,1m,2026-09-20T16:29:00
202606040612,1,2026-09-20,06,12,2026-09-20 16:24:00,16,16,7,822271,13,22.6,8,202609200612,2026-09-20T16:29:02,06,12,2026-09-20T16:30:00,1m,2026-09-20T16:29:00
202606040612,1,2026-09-20,06,12,2026-09-20 16:24:00,16,16,7,822271,14,33.9,12,202609200612,2026-09-20T16:29:02,06,12,2026-09-20T16:30:00,1m,2026-09-20T16:29:00
202606040612,1,2026-09-20,06,12,2026-09-20 16:24:00,16,16,7,822271,15,61.1,14,202609200612,2026-09-20T16:29:02,06,12,2026-09-20T16:30:00,1m,2026-09-20T16:29:00
202606040612,1,2026-09-20,06,12,2026-09-20 16:24:00,16,16,7,822271,16,5.1,3,202609200612,2026-09-20T16:29:02,06,12,2026-09-20T16:30:00,1m,2026-09-20T16:29:00
