race_id,data_kubun,made_date,keibajo_code,race_num,happyo_datetime,toroku_tosu,syusso_tosu,hatsubai_flag,hyosu_total,kumiban,odds_wakuren,ninkijun,rt_key,acquired_at,venue_code,race_number,post_datetime,snapshot_label,target_datetime
202609040506,1,2026-09-19,9,6,2026-09-19 12:05:00,11,11,7,17605,12,121.8,27,202609190906,2026-09-19T12:10:02,9,6,2026-09-19T12:40:00,30m,2026-09-19T12:10:00
202609040506,1,2026-09-19,9,6,2026-09-19 12:05:00,11,11,7,17605,13,78.8,22,202609190906,2026-09-19T12:10:02,9,6,2026-09-19T12:40:00,30m,2026-09-19T12:10:00
202609040506,1,2026-09-19,9,6,2026-09-19 12:05:00,11,11,7,17605,14,158.6,29,202609190906,2026-09-19T12:10:02,9,6,2026-09-19T12:40:00,30m,2026-09-19T12:10:00
202609040506,1,2026-09-19,9,6,2026-09-19 12:05:00,11,11,7,17605,15,179.5,31,202609190906,2026-09-19T12:10:02,9,6,2026-09-19T12:40:00,30m,2026-09-19T12:10:00
202609040506,1,2026-09-19,9,6,2026-09-19 12:05:00,11,11,7,17605,16,66.2,20,202609190906,2026-09-19T12:10:02,9,6,2026-09-19T12:40:00,30m,2026-09-19T12:10:00
202609040506,1,2026-09-19,9,6,2026-09-19 12:05:00,11,11,7,17605,17,119.6,26,202609190906,2026-09-19T12:10:02,9,6,2026-09-19T12:40:00,30m,2026-09-19T12:10:00
202609040506,1,2026-09-19,9,6,2026-09-19 12:05:00,11,11,7,17605,18,40.3,15,202609190906,2026-09-19T12:10:02,9,6,2026-09-19T12:40:00,30m,2026-09-19T12:10:00
202609040506,1,2026-09-19,9,6,2026-09-19 12:05:00,11,11,7,17605,23,106.5,25,202609190906,2026-09-19T12:10:02,9,6,2026-09-19T12:40:00,30m,2026-09-19T12:10:00
202609040506,1,2026-09-19,9,6,2026-09-19 12:05:00,11,11,7,17605,24,146.7,28,202609190906,2026-09-19T12:10:02,9,6,2026-09-19T12:40:00,30m,2026-09-19T12:10:00
202609040506,1,2026-09-19,9,6,2026-09-19 12:05:00,11,11,7,17605,25,96.7,23,202609190906,2026-09-19T12:10:02,9,6,2026-09-19T12:40:00,30m,2026-09-19T12:10:00
202609040506,1,2026-09-19,9,6,2026-09-19 12:05:00,11,11,7,17605,26,73.3,21,202609190906,2026-09-19T12:10:02,9,6,2026-09-19T12:40:00,30m,2026-09-19T12:10:00
202609040506,1,2026-09-19,9,6,2026-09-19 12:05:00,11,11,7,17605,27,96.7,23,202609190906,2026-09-19T12:10:02,9,6,2026-09-19T12:40:00,30m,2026-09-19T12:10:00
202609040506,1,2026-09-19,9,6,2026-09-19 12:05:00,11,11,7,17605,28,45.3,16,202609190906,2026-09-19T12:10:02,9,6,2026-09-19T12:40:00,30m,2026-09-19T12:10:00
202609040506,1,2026-09-19,9,6,2026-09-19 12:05:00,11,11,7,17605,34,35.1,14,202609190906,2026-09-19T12:10:02,9,6,2026-09-19T12:40:00,30m,2026-09-19T12:10:00
202609040506,1,2026-09-19,9,6,2026-09-19 12:05:00,11,11,7,17605,35,25.1,12,202609190906,2026-09-19T12:10:02,9,6,2026-09-19T12:40:00,30m,2026-09-19T12:10:00
202609040506,1,2026-09-19,9,6,2026-09-19 12:05:00,11,11,7,17605,36,8.8,3,202609190906,2026-09-19T12:10:02,9,6,2026-09-19T12:40:00,30m,2026-09-19T12:10:00
202609040506,1,2026-09-19,9,6,2026-09-19 12:05:00,11,11,7,17605,37,34.1,13,202609190906,2026-09-19T12:10:02,9,6,2026-09-19T12:40:00,30m,2026-09-19T12:10:00
202609040506,1,2026-09-19,9,6,2026-09-19 12:05:00,11,11,7,17605,38,7.5,2,202609190906,2026-09-19T12:10:02,9,6,2026-09-19T12:40:00,30m,2026-09-19T12:10:00
202609040506,1,2026-09-19,9,6,2026-09-19 12:05:00,11,11,7,17605,45,57.3,19,202609190906,2026-09-19T12:10:02,9,6,2026-09-19T12:40:00,30m,2026-09-19T12:10:00
202609040506,1,2026-09-19,9,6,2026-09-19 12:05:00,11,11,7,17605,46,17.5,8,202609190906,2026-09-19T12:10:02,9,6,2026-09-19T12:40:00,30m,2026-09-19T12:10:00
202609040506,1,2026-09-19,9,6,2026-09-19 12:05:00,11,11,7,17605,47,53.0,17,202609190906,2026-09-19T12:10:02,9,6,2026-09-19T12:40:00,30m,2026-09-19T12:10:00
202609040506,1,2026-09-19,9,6,2026-09-19 12:05:00,11,11,7,17605,48,16.9,7,202609190906,2026-09-19T12:10:02,9,6,2026-09-19T12:40:00,30m,2026-09-19T12:10:00
202609040506,1,2026-09-19,9,6,2026-09-19 12:05:00,11,11,7,17605,56,17.9,9,202609190906,2026-09-19T12:10:02,9,6,2026-09-19T12:40:00,30m,2026-09-19T12:10:00
202609040506,1,2026-09-19,9,6,2026-09-19 12:05:00,11,11,7,17605,57,55.4,18,202609190906,2026-09-19T12:10:02,9,6,2026-09-19T12:40:00,30m,2026-09-19T12:10:00
202609040506,1,2026-09-19,9,6,2026-09-19 12:05:00,11,11,7,17605,58,14.0,5,202609190906,2026-09-19T12:10:02,9,6,2026-09-19T12:40:00,30m,2026-09-19T12:10:00
202609040506,1,2026-09-19,9,6,2026-09-19 12:05:00,11,11,7,17605,66,20.0,10,202609190906,2026-09-19T12:10:02,9,6,2026-09-19T12:40:00,30m,2026-09-19T12:10:00
202609040506,1,2026-09-19,9,6,2026-09-19 12:05:00,11,11,7,17605,67,23.5,11,202609190906,2026-09-19T12:10:02,9,6,2026-09-19T12:40:00,30m,2026-09-19T12:10:00
202609040506,1,2026-09-19,9,6,2026-09-19 12:05:00,11,11,7,17605,68,4.0,1,202609190906,2026-09-19T12:10:02,9,6,2026-09-19T12:40:00,30m,2026-09-19T12:10:00
202609040506,1,2026-09-19,9,6,2026-09-19 12:05:00,11,11,7,17605,77,166.3,30,202609190906,2026-09-19T12:10:02,9,6,2026-09-19T12:40:00,30m,2026-09-19T12:10:00
202609040506,1,2026-09-19,9,6,2026-09-19 12:05:00,11,11,7,17605,78,16.6,6,202609190906,2026-09-19T12:10:02,9,6,2026-09-19T12:40:00,30m,2026-09-19T12:10:00
202609040506,1,2026-09-19,9,6,2026-09-19 12:05:00,11,11,7,17605,88,10.8,4,202609190906,2026-09-19T12:10:02,9,6,2026-09-19T12:40:00,30m,2026-09-19T12:10:00
202606040506,1,2026-09-19,6,6,2026-09-19 12:22:00,12,12,7,25920,12,101.4,21,202609190606,2026-09-19T12:25:02,6,6,2026-09-19T12:55:00,30m,2026-09-19T12:25:00
202606040506,1,2026-09-19,6,6,2026-09-19 12:22:00,12,12,7,25920,13,70.4,19,202609190606,2026-09-19T12:25:02,6,6,2026-09-19T12:55:00,30m,2026-09-19T12:25:00
202606040506,1,2026-09-19,6,6,2026-09-19 12:22:00,12,12,7,25920,14,174.6,30,202609190606,2026-09-19T12:25:02,6,6,2026-09-19T12:55:00,30m,2026-09-19T12:25:00
202606040506,1,2026-09-19,6,6,2026-09-19 12:22:00,12,12,7,25920,15,130.4,27,202609190606,2026-09-19T12:25:02,6,6,2026-09-19T12:55:00,30m,2026-09-19T12:25:00
202606040506,1,2026-09-19,6,6,2026-09-19 12:22:00,12,12,7,25920,16,159.4,29,202609190606,2026-09-19T12:25:02,6,6,2026-09-19T12:55:00,30m,2026-09-19T12:25:00
202606040506,1,2026-09-19,6,6,2026-09-19 12:22:00,12,12,7,25920,17,24.2,8,202609190606,2026-09-19T12:25:02,6,6,2026-09-19T12:55:00,30m,2026-09-19T12:25:00
202606040506,1,2026-09-19,6,6,2026-09-19 12:22:00,12,12,7,25920,18,47.8,14,202609190606,2026-09-19T12:25:02,6,6,2026-09-19T12:55:00,30m,2026-09-19T12:25:00
202606040506,1,2026-09-19,6,6,2026-09-19 12:22:00,12,12,7,25920,23,48.4,15,202609190606,2026-09-19T12:25:02,6,6,2026-09-19T12:55:00,30m,2026-09-19T12:25:00
202606040506,1,2026-09-19,6,6,2026-09-19 12:22:00,12,12,7,25920,24,112.2,24,202609190606,2026-09-19T12:25:02,6,6,2026-09-19T12:55:00,30m,2026-09-19T12:25:00
202606040506,1,2026-09-19,6,6,2026-09-19 12:22:00,12,12,7,25920,25,69.0,18,202609190606,2026-09-19T12:25:02,6,6,2026-09-19T12:55:00,30m,2026-09-19T12:25:00
202606040506,1,2026-09-19,6,6,2026-09-19 12:22:00,12,12,7,25920,26,115.4,25,202609190606,2026-09-19T12:25:02,6,6,2026-09-19T12:55:00,30m,2026-09-19T12:25:00
202606040506,1,2026-09-19,6,6,2026-09-19 12:22:00,12,12,7,25920,27,15.4,5,202609190606,2026-09-19T12:25:02,6,6,2026-09-19T12:55:00,30m,2026-09-19T12:25:00
202606040506,1,2026-09-19,6,6,2026-09-19 12:22:00,12,12,7,25920,28,35.0,11,202609190606,2026-09-19T12:25:02,6,6,2026-09-19T12:55:00,30m,2026-09-19T12:25:00
202606040506,1,2026-09-19,6,6,2026-09-19 12:22:00,12,12,7,25920,34,104.0,22,202609190606,2026-09-19T12:25:02,6,6,2026-09-19T12:55:00,30m,2026-09-19T12:25:00
202606040506,1,2026-09-19,6,6,2026-09-19 12:22:00,12,12,7,25920,35,49.4,16,202609190606,2026-09-19T12:25:02,6,6,2026-09-19T12:55:00,30m,2026-09-19T12:25:00
202606040506,1,2026-09-19,6,6,2026-09-19 12:22:00,12,12,7,25920,36,106.8,23,202609190606,2026-09-19T12:25:02,6,6,2026-09-19T12:55:00,30m,2026-09-19T12:25:00
202606040506,1,2026-09-19,6,6,2026-09-19 12:22:00,12,12,7,25920,37,4.4,2,202609190606,2026-09-19T12:25:02,6,6,2026-09-19T12:55:00,30m,2026-09-19T12:25:00
202606040506,1,2026-09-19,6,6,2026-09-19 12:22:00,12,12,7,25920,38,20.6,7,202609190606,2026-09-19T12:25:02,6,6,2026-09-19T12:55:00,30m,2026-09-19T12:25:00
202606040506,1,2026-09-19,6,6,2026-09-19 12:22:00,12,12,7,25920,45,148.8,28,202609190606,2026-09-19T12:25:02,6,6,2026-09-19T12:55:00,30m,2026-09-19T12:25:00
202606040506,1,2026-09-19,6,6,2026-09-19 12:22:00,12,12,7,25920,46,124.0,26,202609190606,2026-09-19T12:25:02,6,6,2026-09-19T12:55:00,30m,2026-09-19T12:25:00
202606040506,1,2026-09-19,6,6,2026-09-19 12:22:00,12,12,7,25920,47,32.7,10,202609190606,2026-09-19T12:25:02,6,6,2026-09-19T12:55:00,30m,2026-09-19T12:25:00
202606040506,1,2026-09-19,6,6,2026-09-19 12:22:00,12,12,7,25920,48,64.1,17,202609190606,2026-09-19T12:25:02,6,6,2026-09-19T12:55:00,30m,2026-09-19T12:25:00
202606040506,1,2026-09-19,6,6,2026-09-19 12:22:00,12,12,7,25920,55,393.8,32,202609190606,2026-09-19T12:25:02,6,6,2026-09-19T12:55:00,30m,2026-09-19T12:25:00
202606040506,1,2026-09-19,6,6,2026-09-19 12:22:00,12,12,7,25920,56,93.8,20,202609190606,2026-09-19T12:25:02,6,6,2026-09-19T12:55:00,30m,2026-09-19T12:25:00
202606040506,1,2026-09-19,6,6,2026-09-19 12:22:00,12,12,7,25920,57,13.6,4,202609190606,2026-09-19T12:25:02,6,6,2026-09-19T12:55:00,30m,2026-09-19T12:25:00
202606040506,1,2026-09-19,6,6,2026-09-19 12:22:00,12,12,7,25920,58,25.0,9,202609190606,2026-09-19T12:25:02,6,6,2026-09-19T12:55:00,30m,2026-09-19T12:25:00
202606040506,1,2026-09-19,6,6,2026-09-19 12:22:00,12,12,7,25920,66,386.3,31,202609190606,2026-09-19T12:25:02,6,6,2026-09-19T12:55:00,30m,2026-09-19T12:25:00
202606040506,1,2026-09-19,6,6,2026-09-19 12:22:00,12,12,7,25920,67,20.0,6,202609190606,2026-09-19T12:25:02,6,6,2026-09-19T12:55:00,30m,2026-09-19T12:25:00
202606040506,1,2026-09-19,6,6,2026-09-19 12:22:00,12,12,7,25920,68,42.8,13,202609190606,2026-09-19T12:25:02,6,6,2026-09-19T12:55:00,30m,2026-09-19T12:25:00
202606040506,1,2026-09-19,6,6,2026-09-19 12:22:00,12,12,7,25920,77,7.5,3,202609190606,2026-09-19T12:25:02,6,6,2026-09-19T12:55:00,30m,2026-09-19T12:25:00
202606040506,1,2026-09-19,6,6,2026-09-19 12:22:00,12,12,7,25920,78,3.2,1,202609190606,2026-09-19T12:25:02,6,6,2026-09-19T12:55:00,30m,2026-09-19T12:25:00
202606040506,1,2026-09-19,6,6,2026-09-19 12:22:00,12,12,7,25920,88,39.0,12,202609190606,2026-09-19T12:25:02,6,6,2026-09-19T12:55:00,30m,2026-09-19T12:25:00
202609040507,1,2026-09-19,9,7,2026-09-19 12:34:00,12,12,7,21806,12,12.3,5,202609190907,2026-09-19T12:40:02,9,7,2026-09-19T13:10:00,30m,2026-09-19T12:40:00
202609040507,1,2026-09-19,9,7,2026-09-19 12:34:00,12,12,7,21806,13,51.2,23,202609190907,2026-09-19T12:40:02,9,7,2026-09-19T13:10:00,30m,2026-09-19T12:40:00
202609040507,1,2026-09-19,9,7,2026-09-19 12:34:00,12,12,7,21806,14,42.3,20,202609190907,2026-09-19T12:40:02,9,7,2026-09-19T13:10:00,30m,2026-09-19T12:40:00
202609040507,1,2026-09-19,9,7,2026-09-19 12:34:00,12,12,7,21806,15,53.3,26,202609190907,2026-09-19T12:40:02,9,7,2026-09-19T13:10:00,30m,2026-09-19T12:40:00
202609040507,1,2026-09-19,9,7,2026-09-19 12:34:00,12,12,7,21806,16,21.2,12,202609190907,2026-09-19T12:40:02,9,7,2026-09-19T13:10:00,30m,2026-09-19T12:40:00
202609040507,1,2026-09-19,9,7,2026-09-19 12:34:00,12,12,7,21806,17,14.4,6,202609190907,2026-09-19T12:40:02,9,7,2026-09-19T13:10:00,30m,2026-09-19T12:40:00
202609040507,1,2026-09-19,9,7,2026-09-19 12:34:00,12,12,7,21806,18,34.6,17,202609190907,2026-09-19T12:40:02,9,7,2026-09-19T13:10:00,30m,2026-09-19T12:40:00
202609040507,1,2026-09-19,9,7,2026-09-19 12:34:00,12,12,7,21806,23,42.1,19,202609190907,2026-09-19T12:40:02,9,7,2026-09-19T13:10:00,30m,2026-09-19T12:40:00
202609040507,1,2026-09-19,9,7,2026-09-19 12:34:00,12,12,7,21806,24,18.4,8,202609190907,2026-09-19T12:40:02,9,7,2026-09-19T13:10:00,30m,2026-09-19T12:40:00
202609040507,1,2026-09-19,9,7,2026-09-19 12:34:00,12,12,7,21806,25,21.9,13,202609190907,2026-09-19T12:40:02,9,7,2026-09-19T13:10:00,30m,2026-09-19T12:40:00
202609040507,1,2026-09-19,9,7,2026-09-19 12:34:00,12,12,7,21806,26,10.9,3,202609190907,2026-09-19T12:40:02,9,7,2026-09-19T13:10:00,30m,2026-09-19T12:40:00
202609040507,1,2026-09-19,9,7,2026-09-19 12:34:00,12,12,7,21806,27,8.1,1,202609190907,2026-09-19T12:40:02,9,7,2026-09-19T13:10:00,30m,2026-09-19T12:40:00
202609040507,1,2026-09-19,9,7,2026-09-19 12:34:00,12,12,7,21806,28,17.7,7,202609190907,2026-09-19T12:40:02,9,7,2026-09-19T13:10:00,30m,2026-09-19T12:40:00
202609040507,1,2026-09-19,9,7,2026-09-19 12:34:00,12,12,7,21806,34,88.4,31,202609190907,2026-09-19T12:40:02,9,7,2026-09-19T13:10:00,30m,2026-09-19T12:40:00
202609040507,1,2026-09-19,9,7,2026-09-19 12:34:00,12,12,7,21806,35,70.4,28,202609190907,2026-09-19T12:40:02,9,7,2026-09-19T13:10:00,30m,2026-09-19T12:40:00
202609040507,1,2026-09-19,9,7,2026-09-19 12:34:00,12,12,7,21806,36,45.3,21,202609190907,2026-09-19T12:40:02,9,7,2026-09-19T13:10:00,30m,2026-09-19T12:40:00
202609040507,1,2026-09-19,9,7,2026-09-19 12:34:00,12,12,7,21806,37,29.3,14,202609190907,2026-09-19T12:40:02,9,7,2026-09-19T13:10:00,30m,2026-09-19T12:40:00
202609040507,1,2026-09-19,9,7,2026-09-19 12:34:00,12,12,7,21806,38,51.9,24,202609190907,2026-09-19T12:40:02,9,7,2026-09-19T13:10:00,30m,2026-09-19T12:40:00
202609040507,1,2026-09-19,9,7,2026-09-19 12:34:00,12,12,7,21806,45,64.5,27,202609190907,2026-09-19T12:40:02,9,7,2026-09-19T13:10:00,30m,2026-09-19T12:40:00
202609040507,1,2026-09-19,9,7,2026-09-19 12:34:00,12,12,7,21806,46,34.9,18,202609190907,2026-09-19T12:40:02,9,7,2026-09-19T13:10:00,30m,2026-09-19T12:40:00
202609040507,1,2026-09-19,9,7,2026-09-19 12:34:00,12,12,7,21806,47,20.3,11,202609190907,2026-09-19T12:40:02,9,7,2026-09-19T13:10:00,30m,2026-09-19T12:40:00
202609040507,1,2026-09-19,9,7,2026-09-19 12:34:00,12,12,7,21806,48,52.1,25,202609190907,2026-09-19T12:40:02,9,7,2026-09-19T13:10:00,30m,2026-09-19T12:40:00
202609040507,1,2026-09-19,9,7,2026-09-19 12:34:00,12,12,7,21806,55,177.8,32,202609190907,2026-09-19T12:40:02,9,7,2026-09-19T13:10:00,30m,2026-09-19T12:40:00
202609040507,1,2026-09-19,9,7,2026-09-19 12:34:00,12,12,7,21806,56,29.7,15,202609190907,2026-09-19T12:40:02,9,7,2026-09-19T13:10:00,30m,2026-09-19T12:40:00
202609040507,1,2026-09-19,9,7,2026-09-19 12:34:00,12,12,7,21806,57,19.6,9,202609190907,2026-09-19T12:40:02,9,7,2026-09-19T13:10:00,30m,2026-09-19T12:40:00
202609040507,1,2026-09-19,9,7,2026-09-19 12:34:00,12,12,7,21806,58,33.2,16,202609190907,2026-09-19T12:40:02,9,7,2026-09-19T13:10:00,30m,2026-09-19T12:40:00
202609040507,1,2026-09-19,9,7,2026-09-19 12:34:00,12,12,7,21806,66,73.4,29,202609190907,2026-09-19T12:40:02,9,7,2026-09-19T13:10:00,30m,2026-09-19T12:40:00
202609040507,1,2026-09-19,9,7,2026-09-19 12:34:00,12,12,7,21806,67,10.3,2,202609190907,2026-09-19T12:40:02,9,7,2026-09-19T13:10:00,30m,2026-09-19T12:40:00
202609040507,1,2026-09-19,9,7,2026-09-19 12:34:00,12,12,7,21806,68,19.7,10,202609190907,2026-09-19T12:40:02,9,7,2026-09-19T13:10:00,30m,2026-09-19T12:40:00
202609040507,1,2026-09-19,9,7,2026-09-19 12:34:00,12,12,7,21806,77,48.1,22,202609190907,2026-09-19T12:40:02,9,7,2026-09-19T13:10:00,30m,2026-09-19T12:40:00
202609040507,1,2026-09-19,9,7,2026-09-19 12:34:00,12,12,7,21806,78,12.2,4,202609190907,2026-09-19T12:40:02,9,7,2026-09-19T13:10:00,30m,2026-09-19T12:40:00
202609040507,1,2026-09-19,9,7,2026-09-19 12:34:00,12,12,7,21806,88,88.0,30,202609190907,2026-09-19T12:40:02,9,7,2026-09-19T13:10:00,30m,2026-09-19T12:40:00
202606040507,1,2026-09-19,6,7,2026-09-19 12:50:00,14,14,7,25980,12,94.9,27,202609190607,2026-09-19T12:55:02,6,7,2026-09-19T13:25:00,30m,2026-09-19T12:55:00
202606040507,1,2026-09-19,6,7,2026-09-19 12:50:00,14,14,7,25980,13,122.7,29,202609190607,2026-09-19T12:55:02,6,7,2026-09-19T13:25:00,30m,2026-09-19T12:55:00
202606040507,1,2026-09-19,6,7,2026-09-19 12:50:00,14,14,7,25980,14,71.9,24,202609190607,2026-09-19T12:55:02,6,7,2026-09-19T13:25:00,30m,2026-09-19T12:55:00
202606040507,1,2026-09-19,6,7,2026-09-19 12:50:00,14,14,7,25980,15,172.0,31,202609190607,2026-09-19T12:55:02,6,7,2026-09-19T13:25:00,30m,2026-09-19T12:55:00
202606040507,1,2026-09-19,6,7,2026-09-19 12:50:00,14,14,7,25980,16,141.7,30,202609190607,2026-09-19T12:55:02,6,7,2026-09-19T13:25:00,30m,2026-09-19T12:55:00
202606040507,1,2026-09-19,6,7,2026-09-19 12:50:00,14,14,7,25980,17,64.3,21,202609190607,2026-09-19T12:55:02,6,7,2026-09-19T13:25:00,30m,2026-09-19T12:55:00
202606040507,1,2026-09-19,6,7,2026-09-19 12:50:00,14,14,7,25980,18,75.9,26,202609190607,2026-09-19T12:55:02,6,7,2026-09-19T13:25:00,30m,2026-09-19T12:55:00
202606040507,1,2026-09-19,6,7,2026-09-19 12:50:00,14,14,7,25980,23,29.4,14,202609190607,2026-09-19T12:55:02,6,7,2026-09-19T13:25:00,30m,2026-09-19T12:55:00
202606040507,1,2026-09-19,6,7,2026-09-19 12:50:00,14,14,7,25980,24,9.4,4,202609190607,2026-09-19T12:55:02,6,7,2026-09-19T13:25:00,30m,2026-09-19T12:55:00
202606040507,1,2026-09-19,6,7,2026-09-19 12:50:00,14,14,7,25980,25,63.3,20,202609190607,2026-09-19T12:55:02,6,7,2026-09-19T13:25:00,30m,2026-09-19T12:55:00
202606040507,1,2026-09-19,6,7,2026-09-19 12:50:00,14,14,7,25980,26,37.0,16,202609190607,2026-09-19T12:55:02,6,7,2026-09-19T13:25:00,30m,2026-09-19T12:55:00
202606040507,1,2026-09-19,6,7,2026-09-19 12:50:00,14,14,7,25980,27,14.7,6,202609190607,2026-09-19T12:55:02,6,7,2026-09-19T13:25:00,30m,2026-09-19T12:55:00
202606040507,1,2026-09-19,6,7,2026-09-19 12:50:00,14,14,7,25980,28,10.1,5,202609190607,2026-09-19T12:55:02,6,7,2026-09-19T13:25:00,30m,2026-09-19T12:55:00
202606040507,1,2026-09-19,6,7,2026-09-19 12:50:00,14,14,7,25980,33,258.1,32,202609190607,2026-09-19T12:55:02,6,7,2026-09-19T13:25:00,30m,2026-09-19T12:55:00
202606040507,1,2026-09-19,6,7,2026-09-19 12:50:00,14,14,7,25980,34,22.0,9,202609190607,2026-09-19T12:55:02,6,7,2026-09-19T13:25:00,30m,2026-09-19T12:55:00
202606040507,1,2026-09-19,6,7,2026-09-19 12:50:00,14,14,7,25980,35,72.6,25,202609190607,2026-09-19T12:55:02,6,7,2026-09-19T13:25:00,30m,2026-09-19T12:55:00
202606040507,1,2026-09-19,6,7,2026-09-19 12:50:00,14,14,7,25980,36,68.0,23,202609190607,2026-09-19T12:55:02,6,7,2026-09-19T13:25:00,30m,2026-09-19T12:55:00
202606040507,1,2026-09-19,6,7,2026-09-19 12:50:00,14,14,7,25980,37,29.1,13,202609190607,2026-09-19T12:55:02,6,7,2026-09-19T13:25:00,30m,2026-09-19T12:55:00
202606040507,1,2026-09-19,6,7,2026-09-19 12:50:00,14,14,7,25980,38,25.3,11,202609190607,2026-09-19T12:55:02,6,7,2026-09-19T13:25:00,30m,2026-09-19T12:55:00
202606040507,1,2026-09-19,6,7,2026-09-19 12:50:00,14,14,7,25980,44,23.4,10,202609190607,2026-09-19T12:55:02,6,7,2026-09-19T13:25:00,30m,2026-09-19T12:55:00
202606040507,1,2026-09-19,6,7,2026-09-19 12:50:00,14,14,7,25980,45,50.3,19,202609190607,2026-09-19T12:55:02,6,7,2026-09-19T13:25:00,30m,2026-09-19T12:55:00
202606040507,1,2026-09-19,6,7,2026-09-19 12:50:00,14,14,7,25980,46,21.0,8,202609190607,2026-09-19T12:55:02,6,7,2026-09-19T13:25:00,30m,2026-09-19T12:55:00
202606040507,1,2026-09-19,6,7,2026-09-19 12:50:00,14,14,7,25980,47,7.6,2,202609190607,2026-09-19T12:55:02,6,7,2026-09-19T13:25:00,30m,2026-09-19T12:55:00
202606040507,1,2026-09-19,6,7,2026-09-19 12:50:00,14,14,7,25980,48,6.4,1,202609190607,2026-09-19T12:55:02,6,7,2026-09-19T13:25:00,30m,2026-09-19T12:55:00
202606040507,1,2026-09-19,6,7,2026-09-19 12:50:00,14,14,7,25980,55,437.7,34,202609190607,2026-09-19T12:55:02,6,7,2026-09-19T13:25:00,30m,2026-09-19T12:55:00
202606040507,1,2026-09-19,6,7,2026-09-19 12:50:00,14,14,7,25980,56,99.6,28,202609190607,2026-09-19T12:55:02,6,7,2026-09-19T13:25:00,30m,2026-09-19T12:55:00
202606040507,1,2026-09-19,6,7,2026-09-19 12:50:00,14,14,7,25980,57,41.7,17,202609190607,2026-09-19T12:55:02,6,7,2026-09-19T13:25:00,30m,2026-09-19T12:55:00
202606040507,1,2026-09-19,6,7,2026-09-19 12:50:00,14,14,7,25980,58,36.4,15,202609190607,2026-09-19T12:55:02,6,7,2026-09-19T13:25:00,30m,2026-09-19T12:55:00
202606040507,1,2026-09-19,6,7,2026-09-19 12:50:00,14,14,7,25980,66,372.8,33,202609190607,2026-09-19T12:55:02,6,7,2026-09-19T13:25:00,30m,2026-09-19T12:55:00
202606040507,1,2026-09-19,6,7,2026-09-19 12:50:00,14,14,7,25980,67,26.4,12,202609190607,2026-09-19T12:55:02,6,7,2026-09-19T13:25:00,30m,2026-09-19T12:55:00
202606040507,1,2026-09-19,6,7,2026-09-19 12:50:00,14,14,7,25980,68,20.3,7,202609190607,2026-09-19T12:55:02,6,7,2026-09-19T13:25:00,30m,2026-09-19T12:55:00
202606040507,1,2026-09-19,6,7,2026-09-19 12:50:00,14,14,7,25980,77,46.5,18,202609190607,2026-09-19T12:55:02,6,7,2026-09-19T13:25:00,30m,2026-09-19T12:55:00
202606040507,1,2026-09-19,6,7,2026-09-19 12:50:00,14,14,7,25980,78,7.6,2,202609190607,2026-09-19T12:55:02,6,7,2026-09-19T13:25:00,30m,2026-09-19T12:55:00
202606040507,1,2026-09-19,6,7,2026-09-19 12:50:00,14,14,7,25980,88,67.7,22,202609190607,2026-09-19T12:55:02,6,7,2026-09-19T13:25:00,30m,2026-09-19T12:55:00
202606040508,1,2026-09-19,6,8,2026-09-19 13:20:00,14,14,7,29483,12,143.7,28,202609190608,2026-09-19T13:25:02,6,8,2026-09-19T13:55:00,30m,2026-09-19T13:25:00
202606040508,1,2026-09-19,6,8,2026-09-19 13:20:00,14,14,7,29483,13,84.0,23,202609190608,2026-09-19T13:25:02,6,8,2026-09-19T13:55:00,30m,2026-09-19T13:25:00
202606040508,1,2026-09-19,6,8,2026-09-19 13:20:00,14,14,7,29483,14,7.0,4,202609190608,2026-09-19T13:25:02,6,8,2026-09-19T13:55:00,30m,2026-09-19T13:25:00
202606040508,1,2026-09-19,6,8,2026-09-19 13:20:00,14,14,7,29483,15,21.6,8,202609190608,2026-09-19T13:25:02,6,8,2026-09-19T13:55:00,30m,2026-09-19T13:25:00
202606040508,1,2026-09-19,6,8,2026-09-19 13:20:00,14,14,7,29483,16,74.6,20,202609190608,2026-09-19T13:25:02,6,8,2026-09-19T13:55:00,30m,2026-09-19T13:25:00
202606040508,1,2026-09-19,6,8,2026-09-19 13:20:00,14,14,7,29483,17,27.5,10,202609190608,2026-09-19T13:25:02,6,8,2026-09-19T13:55:00,30m,2026-09-19T13:25:00
202606040508,1,2026-09-19,6,8,2026-09-19 13:20:00,14,14,7,29483,18,47.5,14,202609190608,2026-09-19T13:25:02,6,8,2026-09-19T13:55:00,30m,2026-09-19T13:25:00
202606040508,1,2026-09-19,6,8,2026-09-19 13:20:00,14,14,7,29483,23,141.9,27,202609190608,2026-09-19T13:25:02,6,8,2026-09-19T13:55:00,30m,2026-09-19T13:25:00
202606040508,1,2026-09-19,6,8,2026-09-19 13:20:00,14,14,7,29483,24,60.1,16,202609190608,2026-09-19T13:25:02,6,8,2026-09-19T13:55:00,30m,2026-09-19T13:25:00
202606040508,1,2026-09-19,6,8,2026-09-19 13:20:00,14,14,7,29483,25,121.5,25,202609190608,2026-09-19T13:25:02,6,8,2026-09-19T13:55:00,30m,2026-09-19T13:25:00
202606040508,1,2026-09-19,6,8,2026-09-19 13:20:00,14,14,7,29483,26,226.2,31,202609190608,2026-09-19T13:25:02,6,8,2026-09-19T13:55:00,30m,2026-09-19T13:25:00
202606040508,1,2026-09-19,6,8,2026-09-19 13:20:00,14,14,7,29483,27,132.8,26,202609190608,2026-09-19T13:25:02,6,8,2026-09-19T13:55:00,30m,2026-09-19T13:25:00
202606040508,1,2026-09-19,6,8,2026-09-19 13:20:00,14,14,7,29483,28,171.7,29,202609190608,2026-09-19T13:25:02,6,8,2026-09-19T13:55:00,30m,2026-09-19T13:25:00
202606040508,1,2026-09-19,6,8,2026-09-19 13:20:00,14,14,7,29483,33,476.0,33,202609190608,2026-09-19T13:25:02,6,8,2026-09-19T13:55:00,30m,2026-09-19T13:25:00
202606040508,1,2026-09-19,6,8,2026-09-19 13:20:00,14,14,7,29483,34,24.0,9,202609190608,2026-09-19T13:25:02,6,8,2026-09-19T13:55:00,30m,2026-09-19T13:25:00
202606040508,1,2026-09-19,6,8,2026-09-19 13:20:00,14,14,7,29483,35,43.2,13,202609190608,2026-09-19T13:25:02,6,8,2026-09-19T13:55:00,30m,2026-09-19T13:25:00
202606040508,1,2026-09-19,6,8,2026-09-19 13:20:00,14,14,7,29483,36,74.4,19,202609190608,2026-09-19T13:25:02,6,8,2026-09-19T13:55:00,30m,2026-09-19T13:25:00
202606040508,1,2026-09-19,6,8,2026-09-19 13:20:00,14,14,7,29483,37,82.1,22,202609190608,2026-09-19T13:25:02,6,8,2026-09-19T13:55:00,30m,2026-09-19T13:25:00
202606040508,1,2026-09-19,6,8,2026-09-19 13:20:00,14,14,7,29483,38,75.6,21,202609190608,2026-09-19T13:25:02,6,8,2026-09-19T13:55:00,30m,2026-09-19T13:25:00
202606040508,1,2026-09-19,6,8,2026-09-19 13:20:00,14,14,7,29483,44,5.8,2,202609190608,2026-09-19T13:25:02,6,8,2026-09-19T13:55:00,30m,2026-09-19T13:25:00
202606040508,1,2026-09-19,6,8,2026-09-19 13:20:00,14,14,7,29483,45,4.9,1,202609190608,2026-09-19T13:25:02,6,8,2026-09-19T13:55:00,30m,2026-09-19T13:25:00
202606040508,1,2026-09-19,6,8,2026-09-19 13:20:00,14,14,7,29483,46,18.3,7,202609190608,2026-09-19T13:25:02,6,8,2026-09-19T13:55:00,30m,2026-09-19T13:25:00
202606040508,1,2026-09-19,6,8,2026-09-19 13:20:00,14,14,7,29483,47,6.7,3,202609190608,2026-09-19T13:25:02,6,8,2026-09-19T13:55:00,30m,2026-09-19T13:25:00
202606040508,1,2026-09-19,6,8,2026-09-19 13:20:00,14,14,7,29483,48,11.5,5,202609190608,2026-09-19T13:25:02,6,8,2026-09-19T13:55:00,30m,2026-09-19T13:25:00
202606040508,1,2026-09-19,6,8,2026-09-19 13:20:00,14,14,7,29483,55,86.2,24,202609190608,2026-09-19T13:25:02,6,8,2026-09-19T13:55:00,30m,2026-09-19T13:25:00
202606040508,1,2026-09-19,6,8,2026-09-19 13:20:00,14,14,7,29483,56,48.1,15,202609190608,2026-09-19T13:25:02,6,8,2026-09-19T13:55:00,30m,2026-09-19T13:25:00
202606040508,1,2026-09-19,6,8,2026-09-19 13:20:00,14,14,7,29483,57,17.6,6,202609190608,2026-09-19T13:25:02,6,8,2026-09-19T13:55:00,30m,2026-09-19T13:25:00
202606040508,1,2026-09-19,6,8,2026-09-19 13:20:00,14,14,7,29483,58,33.9,12,202609190608,2026-09-19T13:25:02,6,8,2026-09-19T13:55:00,30m,2026-09-19T13:25:00
202606040508,1,2026-09-19,6,8,2026-09-19 13:20:00,14,14,7,29483,66,585.8,34,202609190608,2026-09-19T13:25:02,6,8,2026-09-19T13:55:00,30m,2026-09-19T13:25:00
202606040508,1,2026-09-19,6,8,2026-09-19 13:20:00,14,14,7,29483,67,60.7,17,202609190608,2026-09-19T13:25:02,6,8,2026-09-19T13:55:00,30m,2026-09-19T13:25:00
202606040508,1,2026-09-19,6,8,2026-09-19 13:20:00,14,14,7,29483,68,65.6,18,202609190608,2026-09-19T13:25:02,6,8,2026-09-19T13:55:00,30m,2026-09-19T13:25:00
202606040508,1,2026-09-19,6,8,2026-09-19 13:20:00,14,14,7,29483,77,296.7,32,202609190608,2026-09-19T13:25:02,6,8,2026-09-19T13:55:00,30m,2026-09-19T13:25:00
202606040508,1,2026-09-19,6,8,2026-09-19 13:20:00,14,14,7,29483,78,30.5,11,202609190608,2026-09-19T13:25:02,6,8,2026-09-19T13:55:00,30m,2026-09-19T13:25:00
202606040508,1,2026-09-19,6,8,2026-09-19 13:20:00,14,14,7,29483,88,190.4,30,202609190608,2026-09-19T13:25:02,6,8,2026-09-19T13:55:00,30m,2026-09-19T13:25:00
202609040509,1,2026-09-19,9,9,2026-09-19 13:36:00,14,14,7,37042,12,186.4,31,202609190909,2026-09-19T13:40:02,9,9,2026-09-19T14:10:00,30m,2026-09-19T13:40:00
202609040509,1,2026-09-19,9,9,2026-09-19 13:36:00,14,14,7,37042,13,101.4,24,202609190909,2026-09-19T13:40:02,9,9,2026-09-19T14:10:00,30m,2026-09-19T13:40:00
202609040509,1,2026-09-19,9,9,2026-09-19 13:36:00,14,14,7,37042,14,142.8,27,202609190909,2026-09-19T13:40:02,9,9,2026-09-19T14:10:00,30m,2026-09-19T13:40:00
202609040509,1,2026-09-19,9,9,2026-09-19 13:36:00,14,14,7,37042,15,180.5,30,202609190909,2026-09-19T13:40:02,9,9,2026-09-19T14:10:00,30m,2026-09-19T13:40:00
202609040509,1,2026-09-19,9,9,2026-09-19 13:36:00,14,14,7,37042,16,186.4,31,202609190909,2026-09-19T13:40:02,9,9,2026-09-19T14:10:00,30m,2026-09-19T13:40:00
202609040509,1,2026-09-19,9,9,2026-09-19 13:36:00,14,14,7,37042,17,171.9,28,202609190909,2026-09-19T13:40:02,9,9,2026-09-19T14:10:00,30m,2026-09-19T13:40:00
202609040509,1,2026-09-19,9,9,2026-09-19 13:36:00,14,14,7,37042,18,59.0,17,202609190909,2026-09-19T13:40:02,9,9,2026-09-19T14:10:00,30m,2026-09-19T13:40:00
202609040509,1,2026-09-19,9,9,2026-09-19 13:36:00,14,14,7,37042,23,32.2,13,202609190909,2026-09-19T13:40:02,9,9,2026-09-19T14:10:00,30m,2026-09-19T13:40:00
202609040509,1,2026-09-19,9,9,2026-09-19 13:36:00,14,14,7,37042,24,63.6,19,202609190909,2026-09-19T13:40:02,9,9,2026-09-19T14:10:00,30m,2026-09-19T13:40:00
202609040509,1,2026-09-19,9,9,2026-09-19 13:36:00,14,14,7,37042,25,77.3,22,202609190909,2026-09-19T13:40:02,9,9,2026-09-19T14:10:00,30m,2026-09-19T13:40:00
202609040509,1,2026-09-19,9,9,2026-09-19 13:36:00,14,14,7,37042,26,71.2,21,202609190909,2026-09-19T13:40:02,9,9,2026-09-19T14:10:00,30m,2026-09-19T13:40:00
202609040509,1,2026-09-19,9,9,2026-09-19 13:36:00,14,14,7,37042,27,118.6,26,202609190909,2026-09-19T13:40:02,9,9,2026-09-19T14:10:00,30m,2026-09-19T13:40:00
202609040509,1,2026-09-19,9,9,2026-09-19 13:36:00,14,14,7,37042,28,23.6,9,202609190909,2026-09-19T13:40:02,9,9,2026-09-19T14:10:00,30m,2026-09-19T13:40:00
202609040509,1,2026-09-19,9,9,2026-09-19 13:36:00,14,14,7,37042,33,25.0,12,202609190909,2026-09-19T13:40:02,9,9,2026-09-19T14:10:00,30m,2026-09-19T13:40:00
202609040509,1,2026-09-19,9,9,2026-09-19 13:36:00,14,14,7,37042,34,10.3,4,202609190909,2026-09-19T13:40:02,9,9,2026-09-19T14:10:00,30m,2026-09-19T13:40:00
202609040509,1,2026-09-19,9,9,2026-09-19 13:36:00,14,14,7,37042,35,20.3,7,202609190909,2026-09-19T13:40:02,9,9,2026-09-19T14:10:00,30m,2026-09-19T13:40:00
202609040509,1,2026-09-19,9,9,2026-09-19 13:36:00,14,14,7,37042,36,11.4,5,202609190909,2026-09-19T13:40:02,9,9,2026-09-19T14:10:00,30m,2026-09-19T13:40:00
202609040509,1,2026-09-19,9,9,2026-09-19 13:36:00,14,14,7,37042,37,43.8,16,202609190909,2026-09-19T13:40:02,9,9,2026-09-19T14:10:00,30m,2026-09-19T13:40:00
202609040509,1,2026-09-19,9,9,2026-09-19 13:36:00,14,14,7,37042,38,4.1,1,202609190909,2026-09-19T13:40:02,9,9,2026-09-19T14:10:00,30m,2026-09-19T13:40:00
202609040509,1,2026-09-19,9,9,2026-09-19 13:36:00,14,14,7,37042,44,176.1,29,202609190909,2026-09-19T13:40:02,9,9,2026-09-19T14:10:00,30m,2026-09-19T13:40:00
202609040509,1,2026-09-19,9,9,2026-09-19 13:36:00,14,14,7,37042,45,39.7,15,202609190909,2026-09-19T13:40:02,9,9,2026-09-19T14:10:00,30m,2026-09-19T13:40:00
202609040509,1,2026-09-19,9,9,2026-09-19 13:36:00,14,14,7,37042,46,20.3,7,202609190909,2026-09-19T13:40:02,9,9,2026-09-19T14:10:00,30m,2026-09-19T13:40:00
202609040509,1,2026-09-19,9,9,2026-09-19 13:36:00,14,14,7,37042,47,59.6,18,202609190909,2026-09-19T13:40:02,9,9,2026-09-19T14:10:00,30m,2026-09-19T13:40:00
202609040509,1,2026-09-19,9,9,2026-09-19 13:36:00,14,14,7,37042,48,7.3,2,202609190909,2026-09-19T13:40:02,9,9,2026-09-19T14:10:00,30m,2026-09-19T13:40:00
202609040509,1,2026-09-19,9,9,2026-09-19 13:36:00,14,14,7,37042,55,289.9,33,202609190909,2026-09-19T13:40:02,9,9,2026-09-19T14:10:00,30m,2026-09-19T13:40:00
202609040509,1,2026-09-19,9,9,2026-09-19 13:36:00,14,14,7,37042,56,37.4,14,202609190909,2026-09-19T13:40:02,9,9,2026-09-19T14:10:00,30m,2026-09-19T13:40:00
202609040509,1,2026-09-19,9,9,2026-09-19 13:36:00,14,14,7,37042,57,85.4,23,202609190909,2026-09-19T13:40:02,9,9,2026-09-19T14:10:00,30m,2026-09-19T13:40:00
202609040509,1,2026-09-19,9,9,2026-09-19 13:36:00,14,14,7,37042,58,14.3,6,202609190909,2026-09-19T13:40:02,9,9,2026-09-19T14:10:00,30m,2026-09-19T13:40:00
202609040509,1,2026-09-19,9,9,2026-09-19 13:36:00,14,14,7,37042,66,114.3,25,202609190909,2026-09-19T13:40:02,9,9,2026-09-19T14:10:00,30m,2026-09-19T13:40:00
202609040509,1,2026-09-19,9,9,2026-09-19 13:36:00,14,14,7,37042,67,65.0,20,202609190909,2026-09-19T13:40:02,9,9,2026-09-19T14:10:00,30m,2026-09-19T13:40:00
202609040509,1,2026-09-19,9,9,2026-09-19 13:36:00,14,14,7,37042,68,8.2,3,202609190909,2026-09-19T13:40:02,9,9,2026-09-19T14:10:00,30m,2026-09-19T13:40:00
202609040509,1,2026-09-19,9,9,2026-09-19 13:36:00,14,14,7,37042,77,428.4,34,202609190909,2026-09-19T13:40:02,9,9,2026-09-19T14:10:00,30m,2026-09-19T13:40:00
202609040509,1,2026-09-19,9,9,2026-09-19 13:36:00,14,14,7,37042,78,24.5,11,202609190909,2026-09-19T13:40:02,9,9,2026-09-19T14:10:00,30m,2026-09-19T13:40:00
202609040509,1,2026-09-19,9,9,2026-09-19 13:36:00,14,14,7,37042,88,23.8,10,202609190909,2026-09-19T13:40:02,9,9,2026-09-19T14:10:00,30m,2026-09-19T13:40:00
202606040509,1,2026-09-19,6,9,2026-09-19 13:52:00,9,9,7,33274,12,24.6,10,202609190609,2026-09-19T13:55:02,6,9,2026-09-19T14:25:00,30m,2026-09-19T13:55:00
202606040509,1,2026-09-19,6,9,2026-09-19 13:52:00,9,9,7,33274,13,38.3,17,202609190609,2026-09-19T13:55:02,6,9,2026-09-19T14:25:00,30m,2026-09-19T13:55:00
202606040509,1,2026-09-19,6,9,2026-09-19 13:52:00,9,9,7,33274,14,107.0,28,202609190609,2026-09-19T13:55:02,6,9,2026-09-19T14:25:00,30m,2026-09-19T13:55:00
202606040509,1,2026-09-19,6,9,2026-09-19 13:52:00,9,9,7,33274,15,74.5,25,202609190609,2026-09-19T13:55:02,6,9,2026-09-19T14:25:00,30m,2026-09-19T13:55:00
202606040509,1,2026-09-19,6,9,2026-09-19 13:52:00,9,9,7,33274,16,35.4,15,202609190609,2026-09-19T13:55:02,6,9,2026-09-19T14:25:00,30m,2026-09-19T13:55:00
202606040509,1,2026-09-19,6,9,2026-09-19 13:52:00,9,9,7,33274,17,108.8,29,202609190609,2026-09-19T13:55:02,6,9,2026-09-19T14:25:00,30m,2026-09-19T13:55:00
202606040509,1,2026-09-19,6,9,2026-09-19 13:52:00,9,9,7,33274,18,35.7,16,202609190609,2026-09-19T13:55:02,6,9,2026-09-19T14:25:00,30m,2026-09-19T13:55:00
202606040509,1,2026-09-19,6,9,2026-09-19 13:52:00,9,9,7,33274,23,6.1,1,202609190609,2026-09-19T13:55:02,6,9,2026-09-19T14:25:00,30m,2026-09-19T13:55:00
202606040509,1,2026-09-19,6,9,2026-09-19 13:52:00,9,9,7,33274,24,33.8,14,202609190609,2026-09-19T13:55:02,6,9,2026-09-19T14:25:00,30m,2026-09-19T13:55:00
202606040509,1,2026-09-19,6,9,2026-09-19 13:52:00,9,9,7,33274,25,15.3,7,202609190609,2026-09-19T13:55:02,6,9,2026-09-19T14:25:00,30m,2026-09-19T13:55:00
202606040509,1,2026-09-19,6,9,2026-09-19 13:52:00,9,9,7,33274,26,7.3,2,202609190609,2026-09-19T13:55:02,6,9,2026-09-19T14:25:00,30m,2026-09-19T13:55:00
202606040509,1,2026-09-19,6,9,2026-09-19 13:52:00,9,9,7,33274,27,57.8,22,202609190609,2026-09-19T13:55:02,6,9,2026-09-19T14:25:00,30m,2026-09-19T13:55:00
202606040509,1,2026-09-19,6,9,2026-09-19 13:52:00,9,9,7,33274,28,9.6,4,202609190609,2026-09-19T13:55:02,6,9,2026-09-19T14:25:00,30m,2026-09-19T13:55:00
202606040509,1,2026-09-19,6,9,2026-09-19 13:52:00,9,9,7,33274,34,43.0,19,202609190609,2026-09-19T13:55:02,6,9,2026-09-19T14:25:00,30m,2026-09-19T13:55:00
202606040509,1,2026-09-19,6,9,2026-09-19 13:52:00,9,9,7,33274,35,21.4,9,202609190609,2026-09-19T13:55:02,6,9,2026-09-19T14:25:00,30m,2026-09-19T13:55:00
202606040509,1,2026-09-19,6,9,2026-09-19 13:52:00,9,9,7,33274,36,9.2,3,202609190609,2026-09-19T13:55:02,6,9,2026-09-19T14:25:00,30m,2026-09-19T13:55:00
202606040509,1,2026-09-19,6,9,2026-09-19 13:52:00,9,9,7,33274,37,19.7,8,202609190609,2026-09-19T13:55:02,6,9,2026-09-19T14:25:00,30m,2026-09-19T13:55:00
202606040509,1,2026-09-19,6,9,2026-09-19 13:52:00,9,9,7,33274,38,11.8,6,202609190609,2026-09-19T13:55:02,6,9,2026-09-19T14:25:00,30m,2026-09-19T13:55:00
202606040509,1,2026-09-19,6,9,2026-09-19 13:52:00,9,9,7,33274,45,82.9,26,202609190609,2026-09-19T13:55:02,6,9,2026-09-19T14:25:00,30m,2026-09-19T13:55:00
202606040509,1,2026-09-19,6,9,2026-09-19 13:52:00,9,9,7,33274,46,47.2,20,202609190609,2026-09-19T13:55:02,6,9,2026-09-19T14:25:00,30m,2026-09-19T13:55:00
202606040509,1,2026-09-19,6,9,2026-09-19 13:52:00,9,9,7,33274,47,100.3,27,202609190609,2026-09-19T13:55:02,6,9,2026-09-19T14:25:00,30m,2026-09-19T13:55:00
202606040509,1,2026-09-19,6,9,2026-09-19 13:52:00,9,9,7,33274,48,42.2,18,202609190609,2026-09-19T13:55:02,6,9,2026-09-19T14:25:00,30m,2026-09-19T13:55:00
202606040509,1,2026-09-19,6,9,2026-09-19 13:52:00,9,9,7,33274,56,26.8,12,202609190609,2026-09-19T13:55:02,6,9,2026-09-19T14:25:00,30m,2026-09-19T13:55:00
202606040509,1,2026-09-19,6,9,2026-09-19 13:52:00,9,9,7,33274,57,70.0,24,202609190609,2026-09-19T13:55:02,6,9,2026-09-19T14:25:00,30m,2026-09-19T13:55:00
202606040509,1,2026-09-19,6,9,2026-09-19 13:52:00,9,9,7,33274,58,25.6,11,202609190609,2026-09-19T13:55:02,6,9,2026-09-19T14:25:00,30m,2026-09-19T13:55:00
202606040509,1,2026-09-19,6,9,2026-09-19 13:52:00,9,9,7,33274,67,63.9,23,202609190609,2026-09-19T13:55:02,6,9,2026-09-19T14:25:00,30m,2026-09-19T13:55:00
202606040509,1,2026-09-19,6,9,2026-09-19 13:52:00,9,9,7,33274,68,11.6,5,202609190609,2026-09-19T13:55:02,6,9,2026-09-19T14:25:00,30m,2026-09-19T13:55:00
202606040509,1,2026-09-19,6,9,2026-09-19 13:52:00,9,9,7,33274,78,33.4,13,202609190609,2026-09-19T13:55:02,6,9,2026-09-19T14:25:00,30m,2026-09-19T13:55:00
202606040509,1,2026-09-19,6,9,2026-09-19 13:52:00,9,9,7,33274,88,49.5,21,202609190609,2026-09-19T13:55:02,6,9,2026-09-19T14:25:00,30m,2026-09-19T13:55:00
202609040510,1,2026-09-19,9,10,2026-09-19 14:18:00,15,15,7,76588,12,29.1,11,202609190910,2026-09-19T14:20:02,9,10,2026-09-19T14:50:00,30m,2026-09-19T14:20:00
202609040510,1,2026-09-19,9,10,2026-09-19 14:18:00,15,15,7,76588,13,11.0,5,202609190910,2026-09-19T14:20:02,9,10,2026-09-19T14:50:00,30m,2026-09-19T14:20:00
202609040510,1,2026-09-19,9,10,2026-09-19 14:18:00,15,15,7,76588,14,6.9,2,202609190910,2026-09-19T14:20:02,9,10,2026-09-19T14:50:00,30m,2026-09-19T14:20:00
202609040510,1,2026-09-19,9,10,2026-09-19 14:18:00,15,15,7,76588,15,114.8,25,202609190910,2026-09-19T14:20:02,9,10,2026-09-19T14:50:00,30m,2026-09-19T14:20:00
202609040510,1,2026-09-19,9,10,2026-09-19 14:18:00,15,15,7,76588,16,28.8,10,202609190910,2026-09-19T14:20:02,9,10,2026-09-19T14:50:00,30m,2026-09-19T14:20:00
202609040510,1,2026-09-19,9,10,2026-09-19 14:18:00,15,15,7,76588,17,105.0,24,202609190910,2026-09-19T14:20:02,9,10,2026-09-19T14:50:00,30m,2026-09-19T14:20:00
202609040510,1,2026-09-19,9,10,2026-09-19 14:18:00,15,15,7,76588,18,73.3,19,202609190910,2026-09-19T14:20:02,9,10,2026-09-19T14:50:00,30m,2026-09-19T14:20:00
202609040510,1,2026-09-19,9,10,2026-09-19 14:18:00,15,15,7,76588,22,299.7,32,202609190910,2026-09-19T14:20:02,9,10,2026-09-19T14:50:00,30m,2026-09-19T14:20:00
202609040510,1,2026-09-19,9,10,2026-09-19 14:18:00,15,15,7,76588,23,21.4,8,202609190910,2026-09-19T14:20:02,9,10,2026-09-19T14:50:00,30m,2026-09-19T14:20:00
202609040510,1,2026-09-19,9,10,2026-09-19 14:18:00,15,15,7,76588,24,12.2,6,202609190910,2026-09-19T14:20:02,9,10,2026-09-19T14:50:00,30m,2026-09-19T14:20:00
202609040510,1,2026-09-19,9,10,2026-09-19 14:18:00,15,15,7,76588,25,128.1,26,202609190910,2026-09-19T14:20:02,9,10,2026-09-19T14:50:00,30m,2026-09-19T14:20:00
202609040510,1,2026-09-19,9,10,2026-09-19 14:18:00,15,15,7,76588,26,42.2,13,202609190910,2026-09-19T14:20:02,9,10,2026-09-19T14:50:00,30m,2026-09-19T14:20:00
202609040510,1,2026-09-19,9,10,2026-09-19 14:18:00,15,15,7,76588,27,148.0,30,202609190910,2026-09-19T14:20:02,9,10,2026-09-19T14:50:00,30m,2026-09-19T14:20:00
202609040510,1,2026-09-19,9,10,2026-09-19 14:18:00,15,15,7,76588,28,94.9,22,202609190910,2026-09-19T14:20:02,9,10,2026-09-19T14:50:00,30m,2026-09-19T14:20:00
202609040510,1,2026-09-19,9,10,2026-09-19 14:18:00,15,15,7,76588,33,32.9,12,202609190910,2026-09-19T14:20:02,9,10,2026-09-19T14:50:00,30m,2026-09-19T14:20:00
202609040510,1,2026-09-19,9,10,2026-09-19 14:18:00,15,15,7,76588,34,3.3,1,202609190910,2026-09-19T14:20:02,9,10,2026-09-19T14:50:00,30m,2026-09-19T14:20:00
202609040510,1,2026-09-19,9,10,2026-09-19 14:18:00,15,15,7,76588,35,63.9,17,202609190910,2026-09-19T14:20:02,9,10,2026-09-19T14:50:00,30m,2026-09-19T14:20:00
202609040510,1,2026-09-19,9,10,2026-09-19 14:18:00,15,15,7,76588,36,16.3,7,202609190910,2026-09-19T14:20:02,9,10,2026-09-19T14:50:00,30m,2026-09-19T14:20:00
202609040510,1,2026-09-19,9,10,2026-09-19 14:18:00,15,15,7,76588,37,65.8,18,202609190910,2026-09-19T14:20:02,9,10,2026-09-19T14:50:00,30m,2026-09-19T14:20:00
202609040510,1,2026-09-19,9,10,2026-09-19 14:18:00,15,15,7,76588,38,46.3,15,202609190910,2026-09-19T14:20:02,9,10,2026-09-19T14:50:00,30m,2026-09-19T14:20:00
202609040510,1,2026-09-19,9,10,2026-09-19 14:18:00,15,15,7,76588,44,10.8,4,202609190910,2026-09-19T14:20:02,9,10,2026-09-19T14:50:00,30m,2026-09-19T14:20:00
202609040510,1,2026-09-19,9,10,2026-09-19 14:18:00,15,15,7,76588,45,48.6,16,202609190910,2026-09-19T14:20:02,9,10,2026-09-19T14:50:00,30m,2026-09-19T14:20:00
202609040510,1,2026-09-19,9,10,2026-09-19 14:18:00,15,15,7,76588,46,10.6,3,202609190910,2026-09-19T14:20:02,9,10,2026-09-19T14:50:00,30m,2026-09-19T14:20:00
202609040510,1,2026-09-19,9,10,2026-09-19 14:18:00,15,15,7,76588,47,44.4,14,202609190910,2026-09-19T14:20:02,9,10,2026-09-19T14:50:00,30m,2026-09-19T14:20:00
202609040510,1,2026-09-19,9,10,2026-09-19 14:18:00,15,15,7,76588,48,28.4,9,202609190910,2026-09-19T14:20:02,9,10,2026-09-19T14:50:00,30m,2026-09-19T14:20:00
202609040510,1,2026-09-19,9,10,2026-09-19 14:18:00,15,15,7,76588,55,1006.0,35,202609190910,2026-09-19T14:20:02,9,10,2026-09-19T14:50:00,30m,2026-09-19T14:20:00
202609040510,1,2026-09-19,9,10,2026-09-19 14:18:00,15,15,7,76588,56,129.0,27,202609190910,2026-09-19T14:20:02,9,10,2026-09-19T14:50:00,30m,2026-09-19T14:20:00
202609040510,1,2026-09-19,9,10,2026-09-19 14:18:00,15,15,7,76588,57,204.6,31,202609190910,2026-09-19T14:20:02,9,10,2026-09-19T14:50:00,30m,2026-09-19T14:20:00
202609040510,1,2026-09-19,9,10,2026-09-19 14:18:00,15,15,7,76588,58,132.4,28,202609190910,2026-09-19T14:20:02,9,10,2026-09-19T14:50:00,30m,2026-09-19T14:20:00
202609040510,1,2026-09-19,9,10,2026-09-19 14:18:00,15,15,7,76588,66,145.8,29,202609190910,2026-09-19T14:20:02,9,10,2026-09-19T14:50:00,30m,2026-09-19T14:20:00
202609040510,1,2026-09-19,9,10,2026-09-19 14:18:00,15,15,7,76588,67,96.9,23,202609190910,2026-09-19T14:20:02,9,10,2026-09-19T14:50:00,30m,2026-09-19T14:20:00
202609040510,1,2026-09-19,9,10,2026-09-19 14:18:00,15,15,7,76588,68,73.7,20,202609190910,2026-09-19T14:20:02,9,10,2026-09-19T14:50:00,30m,2026-09-19T14:20:00
202609040510,1,2026-09-19,9,10,2026-09-19 14:18:00,15,15,7,76588,77,559.9,34,202609190910,2026-09-19T14:20:02,9,10,2026-09-19T14:50:00,30m,2026-09-19T14:20:00
202609040510,1,2026-09-19,9,10,2026-09-19 14:18:00,15,15,7,76588,78,81.0,21,202609190910,2026-09-19T14:20:02,9,10,2026-09-19T14:50:00,30m,2026-09-19T14:20:00
202609040510,1,2026-09-19,9,10,2026-09-19 14:18:00,15,15,7,76588,88,433.2,33,202609190910,2026-09-19T14:20:02,9,10,2026-09-19T14:50:00,30m,2026-09-19T14:20:00
202606040510,1,2026-09-19,6,10,2026-09-19 14:33:00,12,12,7,86958,12,33.0,14,202609190610,2026-09-19T14:35:02,6,10,2026-09-19T15:05:00,30m,2026-09-19T14:35:00
202606040510,1,2026-09-19,6,10,2026-09-19 14:33:00,12,12,7,86958,13,82.3,20,202609190610,2026-09-19T14:35:02,6,10,2026-09-19T15:05:00,30m,2026-09-19T14:35:00
202606040510,1,2026-09-19,6,10,2026-09-19 14:33:00,12,12,7,86958,14,238.1,29,202609190610,2026-09-19T14:35:02,6,10,2026-09-19T15:05:00,30m,2026-09-19T14:35:00
202606040510,1,2026-09-19,6,10,2026-09-19 14:33:00,12,12,7,86958,15,80.0,19,202609190610,2026-09-19T14:35:02,6,10,2026-09-19T15:05:00,30m,2026-09-19T14:35:00
202606040510,1,2026-09-19,6,10,2026-09-19 14:33:00,12,12,7,86958,16,138.3,25,202609190610,2026-09-19T14:35:02,6,10,2026-09-19T15:05:00,30m,2026-09-19T14:35:00
202606040510,1,2026-09-19,6,10,2026-09-19 14:33:00,12,12,7,86958,17,15.7,5,202609190610,2026-09-19T14:35:02,6,10,2026-09-19T15:05:00,30m,2026-09-19T14:35:00
202606040510,1,2026-09-19,6,10,2026-09-19 14:33:00,12,12,7,86958,18,18.0,6,202609190610,2026-09-19T14:35:02,6,10,2026-09-19T15:05:00,30m,2026-09-19T14:35:00
202606040510,1,2026-09-19,6,10,2026-09-19 14:33:00,12,12,7,86958,23,42.6,16,202609190610,2026-09-19T14:35:02,6,10,2026-09-19T15:05:00,30m,2026-09-19T14:35:00
202606040510,1,2026-09-19,6,10,2026-09-19 14:33:00,12,12,7,86958,24,181.6,26,202609190610,2026-09-19T14:35:02,6,10,2026-09-19T15:05:00,30m,2026-09-19T14:35:00
202606040510,1,2026-09-19,6,10,2026-09-19 14:33:00,12,12,7,86958,25,39.7,15,202609190610,2026-09-19T14:35:02,6,10,2026-09-19T15:05:00,30m,2026-09-19T14:35:00
202606040510,1,2026-09-19,6,10,2026-09-19 14:33:00,12,12,7,86958,26,69.4,17,202609190610,2026-09-19T14:35:02,6,10,2026-09-19T15:05:00,30m,2026-09-19T14:35:00
202606040510,1,2026-09-19,6,10,2026-09-19 14:33:00,12,12,7,86958,27,6.6,2,202609190610,2026-09-19T14:35:02,6,10,2026-09-19T15:05:00,30m,2026-09-19T14:35:00
202606040510,1,2026-09-19,6,10,2026-09-19 14:33:00,12,12,7,86958,28,7.1,3,202609190610,2026-09-19T14:35:02,6,10,2026-09-19T15:05:00,30m,2026-09-19T14:35:00
202606040510,1,2026-09-19,6,10,2026-09-19 14:33:00,12,12,7,86958,34,247.7,30,202609190610,2026-09-19T14:35:02,6,10,2026-09-19T15:05:00,30m,2026-09-19T14:35:00
202606040510,1,2026-09-19,6,10,2026-09-19 14:33:00,12,12,7,86958,35,85.7,21,202609190610,2026-09-19T14:35:02,6,10,2026-09-19T15:05:00,30m,2026-09-19T14:35:00
202606040510,1,2026-09-19,6,10,2026-09-19 14:33:00,12,12,7,86958,36,120.7,24,202609190610,2026-09-19T14:35:02,6,10,2026-09-19T15:05:00,30m,2026-09-19T14:35:00
202606040510,1,2026-09-19,6,10,2026-09-19 14:33:00,12,12,7,86958,37,23.3,9,202609190610,2026-09-19T14:35:02,6,10,2026-09-19T15:05:00,30m,2026-09-19T14:35:00
202606040510,1,2026-09-19,6,10,2026-09-19 14:33:00,12,12,7,86958,38,24.4,10,202609190610,2026-09-19T14:35:02,6,10,2026-09-19T15:05:00,30m,2026-09-19T14:35:00
202606040510,1,2026-09-19,6,10,2026-09-19 14:33:00,12,12,7,86958,45,229.2,28,202609190610,2026-09-19T14:35:02,6,10,2026-09-19T15:05:00,30m,2026-09-19T14:35:00
202606040510,1,2026-09-19,6,10,2026-09-19 14:33:00,12,12,7,86958,46,228.4,27,202609190610,2026-09-19T14:35:02,6,10,2026-09-19T15:05:00,30m,2026-09-19T14:35:00
202606040510,1,2026-09-19,6,10,2026-09-19 14:33:00,12,12,7,86958,47,74.6,18,202609190610,2026-09-19T14:35:02,6,10,2026-09-19T15:05:00,30m,2026-09-19T14:35:00
202606040510,1,2026-09-19,6,10,2026-09-19 14:33:00,12,12,7,86958,48,94.6,23,202609190610,2026-09-19T14:35:02,6,10,2026-09-19T15:05:00,30m,2026-09-19T14:35:00
202606040510,1,2026-09-19,6,10,2026-09-19 14:33:00,12,12,7,86958,55,452.2,32,202609190610,2026-09-19T14:35:02,6,10,2026-09-19T15:05:00,30m,2026-09-19T14:35:00
202606040510,1,2026-09-19,6,10,2026-09-19 14:33:00,12,12,7,86958,56,91.5,22,202609190610,2026-09-19T14:35:02,6,10,2026-09-19T15:05:00,30m,2026-09-19T14:35:00
202606040510,1,2026-09-19,6,10,2026-09-19 14:33:00,12,12,7,86958,57,19.5,7,202609190610,2026-09-19T14:35:02,6,10,2026-09-19T15:05:00,30m,2026-09-19T14:35:00
202606040510,1,2026-09-19,6,10,2026-09-19 14:33:00,12,12,7,86958,58,21.9,8,202609190610,2026-09-19T14:35:02,6,10,2026-09-19T15:05:00,30m,2026-09-19T14:35:00
202606040510,1,2026-09-19,6,10,2026-09-19 14:33:00,12,12,7,86958,66,398.7,31,202609190610,2026-09-19T14:35:02,6,10,2026-09-19T15:05:00,30m,2026-09-19T14:35:00
202606040510,1,2026-09-19,6,10,2026-09-19 14:33:00,12,12,7,86958,67,24.5,11,202609190610,2026-09-19T14:35:02,6,10,2026-09-19T15:05:00,30m,2026-09-19T14:35:00
202606040510,1,2026-09-19,6,10,2026-09-19 14:33:00,12,12,7,86958,68,31.2,13,202609190610,2026-09-19T14:35:02,6,10,2026-09-19T15:05:00,30m,2026-09-19T14:35:00
202606040510,1,2026-09-19,6,10,2026-09-19 14:33:00,12,12,7,86958,77,25.4,12,202609190610,2026-09-19T14:35:02,6,10,2026-09-19T15:05:00,30m,2026-09-19T14:35:00
202606040510,1,2026-09-19,6,10,2026-09-19 14:33:00,12,12,7,86958,78,3.1,1,202609190610,2026-09-19T14:35:02,6,10,2026-09-19T15:05:00,30m,2026-09-19T14:35:00
202606040510,1,2026-09-19,6,10,2026-09-19 14:33:00,12,12,7,86958,88,14.7,4,202609190610,2026-09-19T14:35:02,6,10,2026-09-19T15:05:00,30m,2026-09-19T14:35:00
202609040511,1,2026-09-19,9,11,2026-09-19 14:56:00,16,16,7,216908,11,136.3,30,202609190911,2026-09-19T15:00:02,9,11,2026-09-19T15:30:00,30m,2026-09-19T15:00:00
202609040511,1,2026-09-19,9,11,2026-09-19 14:56:00,16,16,7,216908,12,55.9,18,202609190911,2026-09-19T15:00:02,9,11,2026-09-19T15:30:00,30m,2026-09-19T15:00:00
202609040511,1,2026-09-19,9,11,2026-09-19 14:56:00,16,16,7,216908,13,80.3,23,202609190911,2026-09-19T15:00:02,9,11,2026-09-19T15:30:00,30m,2026-09-19T15:00:00
202609040511,1,2026-09-19,9,11,2026-09-19 14:56:00,16,16,7,216908,14,62.6,21,202609190911,2026-09-19T15:00:02,9,11,2026-09-19T15:30:00,30m,2026-09-19T15:00:00
202609040511,1,2026-09-19,9,11,2026-09-19 14:56:00,16,16,7,216908,15,89.3,26,202609190911,2026-09-19T15:00:02,9,11,2026-09-19T15:30:00,30m,2026-09-19T15:00:00
202609040511,1,2026-09-19,9,11,2026-09-19 14:56:00,16,16,7,216908,16,172.5,33,202609190911,2026-09-19T15:00:02,9,11,2026-09-19T15:30:00,30m,2026-09-19T15:00:00
202609040511,1,2026-09-19,9,11,2026-09-19 14:56:00,16,16,7,216908,17,167.6,32,202609190911,2026-09-19T15:00:02,9,11,2026-09-19T15:30:00,30m,2026-09-19T15:00:00
202609040511,1,2026-09-19,9,11,2026-09-19 14:56:00,16,16,7,216908,18,43.5,14,202609190911,2026-09-19T15:00:02,9,11,2026-09-19T15:30:00,30m,2026-09-19T15:00:00
202609040511,1,2026-09-19,9,11,2026-09-19 14:56:00,16,16,7,216908,22,200.8,34,202609190911,2026-09-19T15:00:02,9,11,2026-09-19T15:30:00,30m,2026-09-19T15:00:00
202609040511,1,2026-09-19,9,11,2026-09-19 14:56:00,16,16,7,216908,23,13.3,7,202609190911,2026-09-19T15:00:02,9,11,2026-09-19T15:30:00,30m,2026-09-19T15:00:00
202609040511,1,2026-09-19,9,11,2026-09-19 14:56:00,16,16,7,216908,24,10.0,5,202609190911,2026-09-19T15:00:02,9,11,2026-09-19T15:30:00,30m,2026-09-19T15:00:00
202609040511,1,2026-09-19,9,11,2026-09-19 14:56:00,16,16,7,216908,25,11.0,6,202609190911,2026-09-19T15:00:02,9,11,2026-09-19T15:30:00,30m,2026-09-19T15:00:00
202609040511,1,2026-09-19,9,11,2026-09-19 14:56:00,16,16,7,216908,26,54.0,17,202609190911,2026-09-19T15:00:02,9,11,2026-09-19T15:30:00,30m,2026-09-19T15:00:00
202609040511,1,2026-09-19,9,11,2026-09-19 14:56:00,16,16,7,216908,27,80.7,24,202609190911,2026-09-19T15:00:02,9,11,2026-09-19T15:30:00,30m,2026-09-19T15:00:00
202609040511,1,2026-09-19,9,11,2026-09-19 14:56:00,16,16,7,216908,28,6.9,1,202609190911,2026-09-19T15:00:02,9,11,2026-09-19T15:30:00,30m,2026-09-19T15:00:00
202609040511,1,2026-09-19,9,11,2026-09-19 14:56:00,16,16,7,216908,33,95.1,27,202609190911,2026-09-19T15:00:02,9,11,2026-09-19T15:30:00,30m,2026-09-19T15:00:00
202609040511,1,2026-09-19,9,11,2026-09-19 14:56:00,16,16,7,216908,34,13.8,9,202609190911,2026-09-19T15:00:02,9,11,2026-09-19T15:30:00,30m,2026-09-19T15:00:00
202609040511,1,2026-09-19,9,11,2026-09-19 14:56:00,16,16,7,216908,35,18.7,10,202609190911,2026-09-19T15:00:02,9,11,2026-09-19T15:30:00,30m,2026-09-19T15:00:00
202609040511,1,2026-09-19,9,11,2026-09-19 14:56:00,16,16,7,216908,36,57.2,19,202609190911,2026-09-19T15:00:02,9,11,2026-09-19T15:30:00,30m,2026-09-19T15:00:00
202609040511,1,2026-09-19,9,11,2026-09-19 14:56:00,16,16,7,216908,37,87.4,25,202609190911,2026-09-19T15:00:02,9,11,2026-09-19T15:30:00,30m,2026-09-19T15:00:00
202609040511,1,2026-09-19,9,11,2026-09-19 14:56:00,16,16,7,216908,38,9.9,4,202609190911,2026-09-19T15:00:02,9,11,2026-09-19T15:30:00,30m,2026-09-19T15:00:00
202609040511,1,2026-09-19,9,11,2026-09-19 14:56:00,16,16,7,216908,44,49.3,16,202609190911,2026-09-19T15:00:02,9,11,2026-09-19T15:30:00,30m,2026-09-19T15:00:00
202609040511,1,2026-09-19,9,11,2026-09-19 14:56:00,16,16,7,216908,45,13.6,8,202609190911,2026-09-19T15:00:02,9,11,2026-09-19T15:30:00,30m,2026-09-19T15:00:00
202609040511,1,2026-09-19,9,11,2026-09-19 14:56:00,16,16,7,216908,46,44.2,15,202609190911,2026-09-19T15:00:02,9,11,2026-09-19T15:30:00,30m,2026-09-19T15:00:00
202609040511,1,2026-09-19,9,11,2026-09-19 14:56:00,16,16,7,216908,47,75.7,22,202609190911,2026-09-19T15:00:02,9,11,2026-09-19T15:30:00,30m,2026-09-19T15:00:00
202609040511,1,2026-09-19,9,11,2026-09-19 14:56:00,16,16,7,216908,48,8.1,2,202609190911,2026-09-19T15:00:02,9,11,2026-09-19T15:30:00,30m,2026-09-19T15:00:00
202609040511,1,2026-09-19,9,11,2026-09-19 14:56:00,16,16,7,216908,55,127.5,29,202609190911,2026-09-19T15:00:02,9,11,2026-09-19T15:30:00,30m,2026-09-19T15:00:00
202609040511,1,2026-09-19,9,11,2026-09-19 14:56:00,16,16,7,216908,56,58.9,20,202609190911,2026-09-19T15:00:02,9,11,2026-09-19T15:30:00,30m,2026-09-19T15:00:00
202609040511,1,2026-09-19,9,11,2026-09-19 14:56:00,16,16,7,216908,57,97.4,28,202609190911,2026-09-19T15:00:02,9,11,2026-09-19T15:30:00,30m,2026-09-19T15:00:00
202609040511,1,2026-09-19,9,11,2026-09-19 14:56:00,16,16,7,216908,58,9.3,3,202609190911,2026-09-19T15:00:02,9,11,2026-09-19T15:30:00,30m,2026-09-19T15:00:00
202609040511,1,2026-09-19,9,11,2026-09-19 14:56:00,16,16,7,216908,66,587.7,35,202609190911,2026-09-19T15:00:02,9,11,2026-09-19T15:30:00,30m,2026-09-19T15:00:00
202609040511,1,2026-09-19,9,11,2026-09-19 14:56:00,16,16,7,216908,67,154.6,31,202609190911,2026-09-19T15:00:02,9,11,2026-09-19T15:30:00,30m,2026-09-19T15:00:00
202609040511,1,2026-09-19,9,11,2026-09-19 14:56:00,16,16,7,216908,68,31.4,11,202609190911,2026-09-19T15:00:02,9,11,2026-09-19T15:30:00,30m,2026-09-19T15:00:00
202609040511,1,2026-09-19,9,11,2026-09-19 14:56:00,16,16,7,216908,77,781.8,36,202609190911,2026-09-19T15:00:02,9,11,2026-09-19T15:30:00,30m,2026-09-19T15:00:00
202609040511,1,2026-09-19,9,11,2026-09-19 14:56:00,16,16,7,216908,78,43.2,13,202609190911,2026-09-19T15:00:02,9,11,2026-09-19T15:30:00,30m,2026-09-19T15:00:00
202609040511,1,2026-09-19,9,11,2026-09-19 14:56:00,16,16,7,216908,88,41.1,12,202609190911,2026-09-19T15:00:02,9,11,2026-09-19T15:30:00,30m,2026-09-19T15:00:00
202606040511,1,2026-09-19,6,11,2026-09-19 15:09:00,14,14,7,253160,12,191.4,30,202609190611,2026-09-19T15:15:02,6,11,2026-09-19T15:45:00,30m,2026-09-19T15:15:00
202606040511,1,2026-09-19,6,11,2026-09-19 15:09:00,14,14,7,253160,13,88.2,23,202609190611,2026-09-19T15:15:02,6,11,2026-09-19T15:45:00,30m,2026-09-19T15:15:00
202606040511,1,2026-09-19,6,11,2026-09-19 15:09:00,14,14,7,253160,14,214.8,31,202609190611,2026-09-19T15:15:02,6,11,2026-09-19T15:45:00,30m,2026-09-19T15:15:00
202606040511,1,2026-09-19,6,11,2026-09-19 15:09:00,14,14,7,253160,15,86.0,22,202609190611,2026-09-19T15:15:02,6,11,2026-09-19T15:45:00,30m,2026-09-19T15:15:00
202606040511,1,2026-09-19,6,11,2026-09-19 15:09:00,14,14,7,253160,16,151.7,28,202609190611,2026-09-19T15:15:02,6,11,2026-09-19T15:45:00,30m,2026-09-19T15:15:00
202606040511,1,2026-09-19,6,11,2026-09-19 15:09:00,14,14,7,253160,17,217.2,32,202609190611,2026-09-19T15:15:02,6,11,2026-09-19T15:45:00,30m,2026-09-19T15:15:00
202606040511,1,2026-09-19,6,11,2026-09-19 15:09:00,14,14,7,253160,18,50.9,17,202609190611,2026-09-19T15:15:02,6,11,2026-09-19T15:45:00,30m,2026-09-19T15:15:00
202606040511,1,2026-09-19,6,11,2026-09-19 15:09:00,14,14,7,253160,23,42.8,15,202609190611,2026-09-19T15:15:02,6,11,2026-09-19T15:45:00,30m,2026-09-19T15:15:00
202606040511,1,2026-09-19,6,11,2026-09-19 15:09:00,14,14,7,253160,24,134.5,26,202609190611,2026-09-19T15:15:02,6,11,2026-09-19T15:45:00,30m,2026-09-19T15:15:00
202606040511,1,2026-09-19,6,11,2026-09-19 15:09:00,14,14,7,253160,25,36.0,11,202609190611,2026-09-19T15:15:02,6,11,2026-09-19T15:45:00,30m,2026-09-19T15:15:00
202606040511,1,2026-09-19,6,11,2026-09-19 15:09:00,14,14,7,253160,26,64.7,19,202609190611,2026-09-19T15:15:02,6,11,2026-09-19T15:45:00,30m,2026-09-19T15:15:00
202606040511,1,2026-09-19,6,11,2026-09-19 15:09:00,14,14,7,253160,27,170.4,29,202609190611,2026-09-19T15:15:02,6,11,2026-09-19T15:45:00,30m,2026-09-19T15:15:00
202606040511,1,2026-09-19,6,11,2026-09-19 15:09:00,14,14,7,253160,28,27.6,9,202609190611,2026-09-19T15:15:02,6,11,2026-09-19T15:45:00,30m,2026-09-19T15:15:00
202606040511,1,2026-09-19,6,11,2026-09-19 15:09:00,14,14,7,253160,33,36.6,12,202609190611,2026-09-19T15:15:02,6,11,2026-09-19T15:45:00,30m,2026-09-19T15:15:00
202606040511,1,2026-09-19,6,11,2026-09-19 15:09:00,14,14,7,253160,34,50.2,16,202609190611,2026-09-19T15:15:02,6,11,2026-09-19T15:45:00,30m,2026-09-19T15:15:00
202606040511,1,2026-09-19,6,11,2026-09-19 15:09:00,14,14,7,253160,35,7.1,3,202609190611,2026-09-19T15:15:02,6,11,2026-09-19T15:45:00,30m,2026-09-19T15:15:00
202606040511,1,2026-09-19,6,11,2026-09-19 15:09:00,14,14,7,253160,36,12.9,6,202609190611,2026-09-19T15:15:02,6,11,2026-09-19T15:45:00,30m,2026-09-19T15:15:00
202606040511,1,2026-09-19,6,11,2026-09-19 15:09:00,14,14,7,253160,37,71.0,21,202609190611,2026-09-19T15:15:02,6,11,2026-09-19T15:45:00,30m,2026-09-19T15:15:00
202606040511,1,2026-09-19,6,11,2026-09-19 15:09:00,14,14,7,253160,38,5.9,2,202609190611,2026-09-19T15:15:02,6,11,2026-09-19T15:45:00,30m,2026-09-19T15:15:00
202606040511,1,2026-09-19,6,11,2026-09-19 15:09:00,14,14,7,253160,44,509.6,33,202609190611,2026-09-19T15:15:02,6,11,2026-09-19T15:45:00,30m,2026-09-19T15:15:00
202606040511,1,2026-09-19,6,11,2026-09-19 15:09:00,14,14,7,253160,45,40.5,14,202609190611,2026-09-19T15:15:02,6,11,2026-09-19T15:45:00,30m,2026-09-19T15:15:00
202606040511,1,2026-09-19,6,11,2026-09-19 15:09:00,14,14,7,253160,46,67.3,20,202609190611,2026-09-19T15:15:02,6,11,2026-09-19T15:45:00,30m,2026-09-19T15:15:00
202606040511,1,2026-09-19,6,11,2026-09-19 15:09:00,14,14,7,253160,47,135.9,27,202609190611,2026-09-19T15:15:02,6,11,2026-09-19T15:45:00,30m,2026-09-19T15:15:00
202606040511,1,2026-09-19,6,11,2026-09-19 15:09:00,14,14,7,253160,48,30.3,10,202609190611,2026-09-19T15:15:02,6,11,2026-09-19T15:45:00,30m,2026-09-19T15:15:00
202606040511,1,2026-09-19,6,11,2026-09-19 15:09:00,14,14,7,253160,55,24.8,8,202609190611,2026-09-19T15:15:02,6,11,2026-09-19T15:45:00,30m,2026-09-19T15:15:00
202606040511,1,2026-09-19,6,11,2026-09-19 15:09:00,14,14,7,253160,56,9.2,5,202609190611,2026-09-19T15:15:02,6,11,2026-09-19T15:45:00,30m,2026-09-19T15:15:00
202606040511,1,2026-09-19,6,11,2026-09-19 15:09:00,14,14,7,253160,57,61.6,18,202609190611,2026-09-19T15:15:02,6,11,2026-09-19T15:45:00,30m,2026-09-19T15:15:00
202606040511,1,2026-09-19,6,11,2026-09-19 15:09:00,14,14,7,253160,58,4.9,1,202609190611,2026-09-19T15:15:02,6,11,2026-09-19T15:45:00,30m,2026-09-19T15:15:00
202606040511,1,2026-09-19,6,11,2026-09-19 15:09:00,14,14,7,253160,66,125.4,25,202609190611,2026-09-19T15:15:02,6,11,2026-09-19T15:45:00,30m,2026-09-19T15:15:00
202606040511,1,2026-09-19,6,11,2026-09-19 15:09:00,14,14,7,253160,67,95.1,24,202609190611,2026-09-19T15:15:02,6,11,2026-09-19T15:45:00,30m,2026-09-19T15:15:00
202606040511,1,2026-09-19,6,11,2026-09-19 15:09:00,14,14,7,253160,68,8.1,4,202609190611,2026-09-19T15:15:02,6,11,2026-09-19T15:45:00,30m,2026-09-19T15:15:00
202606040511,1,2026-09-19,6,11,2026-09-19 15:09:00,14,14,7,253160,77,526.0,34,202609190611,2026-09-19T15:15:02,6,11,2026-09-19T15:45:00,30m,2026-09-19T15:15:00
202606040511,1,2026-09-19,6,11,2026-09-19 15:09:00,14,14,7,253160,78,37.8,13,202609190611,2026-09-19T15:15:02,6,11,2026-09-19T15:45:00,30m,2026-09-19T15:15:00
202606040511,1,2026-09-19,6,11,2026-09-19 15:09:00,14,14,7,253160,88,22.3,7,202609190611,2026-09-19T15:15:02,6,11,2026-09-19T15:45:00,30m,2026-09-19T15:15:00
202609040512,1,2026-09-19,9,12,2026-09-19 15:39:00,16,16,7,72201,11,33.9,14,202609190912,2026-09-19T15:40:02,9,12,2026-09-19T16:10:00,30m,2026-09-19T15:40:00
202609040512,1,2026-09-19,9,12,2026-09-19 15:39:00,16,16,7,72201,12,12.1,5,202609190912,2026-09-19T15:40:02,9,12,2026-09-19T16:10:00,30m,2026-09-19T15:40:00
202609040512,1,2026-09-19,9,12,2026-09-19 15:39:00,16,16,7,72201,13,25.2,9,202609190912,2026-09-19T15:40:02,9,12,2026-09-19T16:10:00,30m,2026-09-19T15:40:00
202609040512,1,2026-09-19,9,12,2026-09-19 15:39:00,16,16,7,72201,14,34.9,15,202609190912,2026-09-19T15:40:02,9,12,2026-09-19T16:10:00,30m,2026-09-19T15:40:00
202609040512,1,2026-09-19,9,12,2026-09-19 15:39:00,16,16,7,72201,15,66.9,24,202609190912,2026-09-19T15:40:02,9,12,2026-09-19T16:10:00,30m,2026-09-19T15:40:00
202609040512,1,2026-09-19,9,12,2026-09-19 15:39:00,16,16,7,72201,16,91.8,27,202609190912,2026-09-19T15:40:02,9,12,2026-09-19T16:10:00,30m,2026-09-19T15:40:00
202609040512,1,2026-09-19,9,12,2026-09-19 15:39:00,16,16,7,72201,17,6.3,2,202609190912,2026-09-19T15:40:02,9,12,2026-09-19T16:10:00,30m,2026-09-19T15:40:00
202609040512,1,2026-09-19,9,12,2026-09-19 15:39:00,16,16,7,72201,18,8.8,3,202609190912,2026-09-19T15:40:02,9,12,2026-09-19T16:10:00,30m,2026-09-19T15:40:00
202609040512,1,2026-09-19,9,12,2026-09-19 15:39:00,16,16,7,72201,22,104.7,29,202609190912,2026-09-19T15:40:02,9,12,2026-09-19T16:10:00,30m,2026-09-19T15:40:00
202609040512,1,2026-09-19,9,12,2026-09-19 15:39:00,16,16,7,72201,23,36.8,16,202609190912,2026-09-19T15:40:02,9,12,2026-09-19T16:10:00,30m,2026-09-19T15:40:00
202609040512,1,2026-09-19,9,12,2026-09-19 15:39:00,16,16,7,72201,24,33.3,13,202609190912,2026-09-19T15:40:02,9,12,2026-09-19T16:10:00,30m,2026-09-19T15:40:00
202609040512,1,2026-09-19,9,12,2026-09-19 15:39:00,16,16,7,72201,25,77.2,26,202609190912,2026-09-19T15:40:02,9,12,2026-09-19T16:10:00,30m,2026-09-19T15:40:00
202609040512,1,2026-09-19,9,12,2026-09-19 15:39:00,16,16,7,72201,26,62.1,22,202609190912,2026-09-19T15:40:02,9,12,2026-09-19T16:10:00,30m,2026-09-19T15:40:00
202609040512,1,2026-09-19,9,12,2026-09-19 15:39:00,16,16,7,72201,27,9.7,4,202609190912,2026-09-19T15:40:02,9,12,2026-09-19T16:10:00,30m,2026-09-19T15:40:00
202609040512,1,2026-09-19,9,12,2026-09-19 15:39:00,16,16,7,72201,28,13.1,6,202609190912,2026-09-19T15:40:02,9,12,2026-09-19T16:10:00,30m,2026-09-19T15:40:00
202609040512,1,2026-09-19,9,12,2026-09-19 15:39:00,16,16,7,72201,33,269.0,33,202609190912,2026-09-19T15:40:02,9,12,2026-09-19T16:10:00,30m,2026-09-19T15:40:00
202609040512,1,2026-09-19,9,12,2026-09-19 15:39:00,16,16,7,72201,34,69.7,25,202609190912,2026-09-19T15:40:02,9,12,2026-09-19T16:10:00,30m,2026-09-19T15:40:00
202609040512,1,2026-09-19,9,12,2026-09-19 15:39:00,16,16,7,72201,35,95.1,28,202609190912,2026-09-19T15:40:02,9,12,2026-09-19T16:10:00,30m,2026-09-19T15:40:00
202609040512,1,2026-09-19,9,12,2026-09-19 15:39:00,16,16,7,72201,36,121.3,31,202609190912,2026-09-19T15:40:02,9,12,2026-09-19T16:10:00,30m,2026-09-19T15:40:00
202609040512,1,2026-09-19,9,12,2026-09-19 15:39:00,16,16,7,72201,37,20.7,7,202609190912,2026-09-19T15:40:02,9,12,2026-09-19T16:10:00,30m,2026-09-19T15:40:00
202609040512,1,2026-09-19,9,12,2026-09-19 15:39:00,16,16,7,72201,38,25.9,10,202609190912,2026-09-19T15:40:02,9,12,2026-09-19T16:10:00,30m,2026-09-19T15:40:00
202609040512,1,2026-09-19,9,12,2026-09-19 15:39:00,16,16,7,72201,44,297.6,34,202609190912,2026-09-19T15:40:02,9,12,2026-09-19T16:10:00,30m,2026-09-19T15:40:00
202609040512,1,2026-09-19,9,12,2026-09-19 15:39:00,16,16,7,72201,45,111.0,30,202609190912,2026-09-19T15:40:02,9,12,2026-09-19T16:10:00,30m,2026-09-19T15:40:00
202609040512,1,2026-09-19,9,12,2026-09-19 15:39:00,16,16,7,72201,46,66.3,23,202609190912,2026-09-19T15:40:02,9,12,2026-09-19T16:10:00,30m,2026-09-19T15:40:00
202609040512,1,2026-09-19,9,12,2026-09-19 15:39:00,16,16,7,72201,47,25.0,8,202609190912,2026-09-19T15:40:02,9,12,2026-09-19T16:10:00,30m,2026-09-19T15:40:00
202609040512,1,2026-09-19,9,12,2026-09-19 15:39:00,16,16,7,72201,48,29.2,11,202609190912,2026-09-19T15:40:02,9,12,2026-09-19T16:10:00,30m,2026-09-19T15:40:00
202609040512,1,2026-09-19,9,12,2026-09-19 15:39:00,16,16,7,72201,55,766.5,36,202609190912,2026-09-19T15:40:02,9,12,2026-09-19T16:10:00,30m,2026-09-19T15:40:00
202609040512,1,2026-09-19,9,12,2026-09-19 15:39:00,16,16,7,72201,56,133.2,32,202609190912,2026-09-19T15:40:02,9,12,2026-09-19T16:10:00,30m,2026-09-19T15:40:00
202609040512,1,2026-09-19,9,12,2026-09-19 15:39:00,16,16,7,72201,57,53.1,19,202609190912,2026-09-19T15:40:02,9,12,2026-09-19T16:10:00,30m,2026-09-19T15:40:00
202609040512,1,2026-09-19,9,12,2026-09-19 15:39:00,16,16,7,72201,58,56.3,20,202609190912,2026-09-19T15:40:02,9,12,2026-09-19T16:10:00,30m,2026-09-19T15:40:00
202609040512,1,2026-09-19,9,12,2026-09-19 15:39:00,16,16,7,72201,66,608.2,35,202609190912,2026-09-19T15:40:02,9,12,2026-09-19T16:10:00,30m,2026-09-19T15:40:00
202609040512,1,2026-09-19,9,12,2026-09-19 15:39:00,16,16,7,72201,67,59.8,21,202609190912,2026-09-19T15:40:02,9,12,2026-09-19T16:10:00,30m,2026-09-19T15:40:00
202609040512,1,2026-09-19,9,12,2026-09-19 15:39:00,16,16,7,72201,68,48.3,18,202609190912,2026-09-19T15:40:02,9,12,2026-09-19T16:10:00,30m,2026-09-19T15:40:00
202609040512,1,2026-09-19,9,12,2026-09-19 15:39:00,16,16,7,72201,77,30.7,12,202609190912,2026-09-19T15:40:02,9,12,2026-09-19T16:10:00,30m,2026-09-19T15:40:00
202609040512,1,2026-09-19,9,12,2026-09-19 15:39:00,16,16,7,72201,78,5.6,1,202609190912,2026-09-19T15:40:02,9,12,2026-09-19T16:10:00,30m,2026-09-19T15:40:00
202609040512,1,2026-09-19,9,12,2026-09-19 15:39:00,16,16,7,72201,88,46.1,17,202609190912,2026-09-19T15:40:02,9,12,2026-09-19T16:10:00,30m,2026-09-19T15:40:00
202606040512,1,2026-09-19,06,12,2026-09-19 15:56:00,16,16,7,99176,11,120.0,30,202609190612,2026-09-19T16:00:02,06,12,2026-09-19T16:30:00,30m,2026-09-19T16:00:00
202606040512,1,2026-09-19,06,12,2026-09-19 15:56:00,16,16,7,99176,12,49.5,19,202609190612,2026-09-19T16:00:02,06,12,2026-09-19T16:30:00,30m,2026-09-19T16:00:00
202606040512,1,2026-09-19,06,12,2026-09-19 15:56:00,16,16,7,99176,13,5.5,1,202609190612,2026-09-19T16:00:02,06,12,2026-09-19T16:30:00,30m,2026-09-19T16:00:00
202606040512,1,2026-09-19,06,12,2026-09-19 15:56:00,16,16,7,99176,14,11.1,4,202609190612,2026-09-19T16:00:02,06,12,2026-09-19T16:30:00,30m,2026-09-19T16:00:00
202606040512,1,2026-09-19,06,12,2026-09-19 15:56:00,16,16,7,99176,15,51.0,21,202609190612,2026-09-19T16:00:02,06,12,2026-09-19T16:30:00,30m,2026-09-19T16:00:00
202606040512,1,2026-09-19,06,12,2026-09-19 15:56:00,16,16,7,99176,16,32.6,12,202609190612,2026-09-19T16:00:02,06,12,2026-09-19T16:30:00,30m,2026-09-19T16:00:00
202606040512,1,2026-09-19,06,12,2026-09-19 15:56:00,16,16,7,99176,17,36.5,17,202609190612,2026-09-19T16:00:02,06,12,2026-09-19T16:30:00,30m,2026-09-19T16:00:00
202606040512,1,2026-09-19,06,12,2026-09-19 15:56:00,16,16,7,99176,18,11.4,5,202609190612,2026-09-19T16:00:02,06,12,2026-09-19T16:30:00,30m,2026-09-19T16:00:00
202606040512,1,2026-09-19,06,12,2026-09-19 15:56:00,16,16,7,99176,22,537.4,36,202609190612,2026-09-19T16:00:02,06,12,2026-09-19T16:30:00,30m,2026-09-19T16:00:00
202606040512,1,2026-09-19,06,12,2026-09-19 15:56:00,16,16,7,99176,23,49.8,20,202609190612,2026-09-19T16:00:02,06,12,2026-09-19T16:30:00,30m,2026-09-19T16:00:00
202606040512,1,2026-09-19,06,12,2026-09-19 15:56:00,16,16,7,99176,24,36.2,16,202609190612,2026-09-19T16:00:02,06,12,2026-09-19T16:30:00,30m,2026-09-19T16:00:00
202606040512,1,2026-09-19,06,12,2026-09-19 15:56:00,16,16,7,99176,25,122.9,32,202609190612,2026-09-19T16:00:02,06,12,2026-09-19T16:30:00,30m,2026-09-19T16:00:00
202606040512,1,2026-09-19,06,12,2026-09-19 15:56:00,16,16,7,99176,26,121.0,31,202609190612,2026-09-19T16:00:02,06,12,2026-09-19T16:30:00,30m,2026-09-19T16:00:00
202606040512,1,2026-09-19,06,12,2026-09-19 15:56:00,16,16,7,99176,27,118.7,29,202609190612,2026-09-19T16:00:02,06,12,2026-09-19T16:30:00,30m,2026-09-19T16:00:00
202606040512,1,2026-09-19,06,12,2026-09-19 15:56:00,16,16,7,99176,28,69.6,26,202609190612,2026-09-19T16:00:02,06,12,2026-09-19T16:30:00,30m,2026-09-19T16:00:00
202606040512,1,2026-09-19,06,12,2026-09-19 15:56:00,16,16,7,99176,33,22.0,8,202609190612,2026-09-19T16:00:02,06,12,2026-09-19T16:30:00,30m,2026-09-19T16:00:00
202606040512,1,2026-09-19,06,12,2026-09-19 15:56:00,16,16,7,99176,34,6.9,2,202609190612,2026-09-19T16:00:02,06,12,2026-09-19T16:30:00,30m,2026-09-19T16:00:00
202606040512,1,2026-09-19,06,12,2026-09-19 15:56:00,16,16,7,99176,35,36.9,18,202609190612,2026-09-19T16:00:02,06,12,2026-09-19T16:30:00,30m,2026-09-19T16:00:00
202606040512,1,2026-09-19,06,12,2026-09-19 15:56:00,16,16,7,99176,36,21.5,7,202609190612,2026-09-19T16:00:02,06,12,2026-09-19T16:30:00,30m,2026-09-19T16:00:00
202606040512,1,2026-09-19,06,12,2026-09-19 15:56:00,16,16,7,99176,37,28.5,10,202609190612,2026-09-19T16:00:02,06,12,2026-09-19T16:30:00,30m,2026-09-19T16:00:00
202606040512,1,2026-09-19,06,12,2026-09-19 15:56:00,16,16,7,99176,38,9.9,3,202609190612,2026-09-19T16:00:02,06,12,2026-09-19T16:30:00,30m,2026-09-19T16:00:00
202606040512,1,2026-09-19,06,12,2026-09-19 15:56:00,16,16,7,99176,44,71.8,27,202609190612,2026-09-19T16:00:02,06,12,2026-09-19T16:30:00,30m,2026-09-19T16:00:00
202606040512,1,2026-09-19,06,12,2026-09-19 15:56:00,16,16,7,99176,45,59.3,23,202609190612,2026-09-19T16:00:02,06,12,2026-09-19T16:30:00,30m,2026-09-19T16:00:00
202606040512,1,2026-09-19,06,12,2026-09-19 15:56:00,16,16,7,99176,46,34.2,14,202609190612,2026-09-19T16:00:02,06,12,2026-09-19T16:30:00,30m,2026-09-19T16:00:00
202606040512,1,2026-09-19,06,12,2026-09-19 15:56:00,16,16,7,99176,47,33.1,13,202609190612,2026-09-19T16:00:02,06,12,2026-09-19T16:30:00,30m,2026-09-19T16:00:00
202606040512,1,2026-09-19,06,12,2026-09-19 15:56:00,16,16,7,99176,48,14.1,6,202609190612,2026-09-19T16:00:02,06,12,2026-09-19T16:30:00,30m,2026-09-19T16:00:00
202606040512,1,2026-09-19,06,12,2026-09-19 15:56:00,16,16,7,99176,55,452.1,34,202609190612,2026-09-19T16:00:02,06,12,2026-09-19T16:30:00,30m,2026-09-19T16:00:00
202606040512,1,2026-09-19,06,12,2026-09-19 15:56:00,16,16,7,99176,56,53.8,22,202609190612,2026-09-19T16:00:02,06,12,2026-09-19T16:30:00,30m,2026-09-19T16:00:00
202606040512,1,2026-09-19,06,12,2026-09-19 15:56:00,16,16,7,99176,57,77.6,28,202609190612,2026-09-19T16:00:02,06,12,2026-09-19T16:30:00,30m,2026-09-19T16:00:00
202606040512,1,2026-09-19,06,12,2026-09-19 15:56:00,16,16,7,99176,58,34.4,15,202609190612,2026-09-19T16:00:02,06,12,2026-09-19T16:30:00,30m,2026-09-19T16:00:00
202606040512,1,2026-09-19,06,12,2026-09-19 15:56:00,16,16,7,99176,66,256.2,33,202609190612,2026-09-19T16:00:02,06,12,2026-09-19T16:30:00,30m,2026-09-19T16:00:00
202606040512,1,2026-09-19,06,12,2026-09-19 15:56:00,16,16,7,99176,67,60.2,24,202609190612,2026-09-19T16:00:02,06,12,2026-09-19T16:30:00,30m,2026-09-19T16:00:00
202606040512,1,2026-09-19,06,12,2026-09-19 15:56:00,16,16,7,99176,68,29.7,11,202609190612,2026-09-19T16:00:02,06,12,2026-09-19T16:30:00,30m,2026-09-19T16:00:00
202606040512,1,2026-09-19,06,12,2026-09-19 15:56:00,16,16,7,99176,77,468.6,35,202609190612,2026-09-19T16:00:02,06,12,2026-09-19T16:30:00,30m,2026-09-19T16:00:00
202606040512,1,2026-09-19,06,12,2026-09-19 15:56:00,16,16,7,99176,78,22.2,9,202609190612,2026-09-19T16:00:02,06,12,2026-09-19T16:30:00,30m,2026-09-19T16:00:00
202606040512,1,2026-09-19,06,12,2026-09-19 15:56:00,16,16,7,99176,88,62.2,25,202609190612,2026-09-19T16:00:02,06,12,2026-09-19T16:30:00,30m,2026-09-19T16:00:00
